category,movie_name,description,actor_list,director,date,duration
剧情 犯罪,肖申克的救赎 The Shawshank Redemption,　　20世纪40年代末，小有成就的青年银行家安迪（蒂姆·罗宾斯TimRobbins饰）因涉嫌杀害妻子及她的情人而锒铛入狱。在这座名为肖申克的监狱内，希望似乎虚无缥缈，终身监禁的惩罚无疑注定了安迪接下来灰暗绝望的人生。未过多久，安迪尝试接近囚犯中颇有声望的瑞德（摩根·弗里曼MorganFreeman饰），请求对方帮自己搞来小锤子。以此为契机，二人逐渐熟稔，安迪也仿佛在鱼龙混杂、罪恶横生、黑白混淆的牢狱中找到属于自己的求生之道。他利用自身的专业知识，帮助监狱管理层逃税、洗黑钱，同时凭借与瑞德的交往在犯人中间也渐渐受到礼遇。表面看来，他已如瑞德那样对那堵高墙从憎恨转变为处之泰然，但是对自由的渴望仍促使他朝着心中的希望和目标前进。而关于其罪行的真相，似乎更使这一切朝前推进了一步……,蒂姆·罗宾斯 摩根·弗里曼 鲍勃·冈顿 威廉姆·赛德勒 克兰西·布朗 吉尔·贝罗斯 马克·罗斯顿 詹姆斯·惠特摩 杰弗里·德曼 拉里·布兰登伯格 尼尔·吉恩托利 布赖恩·利比 大卫·普罗瓦尔 约瑟夫·劳格诺 祖德·塞克利拉,弗兰克·德拉邦特,1994,142 分钟
剧情 动画 奇幻,千与千寻 千と千尋の神隠し,　　千寻和爸爸妈妈一同驱车前往新家，在郊外的小路上不慎进入了神秘的隧道——他们去到了另外一个诡异世界—一个中世纪的小镇。远处飘来食物的香味，爸爸妈妈大快朵颐，孰料之后变成了猪！这时小镇上渐渐来了许多样子古怪、半透明的人。,柊瑠美 入野自由 夏木真理 菅原文太 中村彰男 玉井夕海 神木隆之介 内藤刚志 泽口靖子 我修院达也 大泉洋 小林郁夫 上条恒彦 小野武彦,宫崎骏,2001,125分钟
剧情 历史 战争,辛德勒的名单 Schindler's List,　　1939年，波兰在纳粹德国的统治下，党卫军对犹太人进行了隔离统治。德国商人奥斯卡·辛德勒（连姆·尼森LiamNeeson饰）来到德军统治下的克拉科夫，开设了一间搪瓷厂，生产军需用品。凭着出众的社交能力和大量的金钱，辛德勒和德军建立了良好的关系，他的工厂雇用犹太人工作，大发战争财。,连姆·尼森 本·金斯利 拉尔夫·费因斯 卡罗琳·古多尔 乔纳森·萨加尔 艾伯丝·戴维兹 马尔戈萨·格贝尔 马克·伊瓦涅 碧翠斯·马科拉 安德烈·瑟韦林 弗里德里希·冯·图恩 克齐斯茨托夫·拉夫特 诺伯特·魏塞尔,史蒂文·斯皮尔伯格,1993,195分钟
剧情 动作 犯罪,这个杀手不太冷 Léon,　　里昂（让·雷诺饰）是名孤独的职业杀手，受人雇佣。一天，邻居家小姑娘马蒂尔达（纳塔丽·波特曼饰)敲开他的房门，要求在他那里暂避杀身之祸。原来邻居家的主人是警方缉毒组的眼线，只因贪污了一小包毒品而遭恶警（加里·奥德曼饰）杀害全家的惩罚。马蒂尔达得到里昂的留救，幸免于难，并留在里昂那里。里昂教小女孩使枪，她教里昂法文，两人关系日趋亲密，相处融洽。,让·雷诺 娜塔莉·波特曼 加里·奥德曼 丹尼·爱罗 彼得·阿佩尔 迈克尔·巴达鲁科 艾伦·格里尼 伊丽莎白·瑞根 卡尔·马图斯维奇 弗兰克·赛格 麦温 乔治·马丁 罗伯特·拉萨多 亚当·布斯奇 马里奥·托迪斯科 萨米·纳塞利,吕克·贝松,1994,110分钟(剧场版)
剧情 爱情,阿甘正传 Forrest Gump,　　阿甘（汤姆·汉克斯饰）于二战结束后不久出生在美国南方阿拉巴马州一个闭塞的小镇，他先天弱智，智商只有75，然而他的妈妈是一个性格坚强的女性，她常常鼓励阿甘“傻人有傻福”，要他自强不息。,汤姆·汉克斯 罗宾·怀特 加里·西尼斯 麦凯尔泰·威廉逊 莎莉·菲尔德 Michael Conner Humphreys 海利·乔·奥斯蒙,罗伯特·泽米吉斯,1994,142 分钟
剧情 爱情 同性,霸王别姬,　　段小楼（张丰毅）与程蝶衣（张国荣）是一对打小一起长大的师兄弟，两人一个演生，一个饰旦，一向配合天衣无缝，尤其一出《霸王别姬》，更是誉满京城，为此，两人约定合演一辈子《霸王别姬》。但两人对戏剧与人生关系的理解有本质不同，段小楼深知戏非人生，程蝶衣则是人戏不分。,张国荣 张丰毅 巩俐 葛优 英达 蒋雯丽 吴大维 吕齐 雷汉 尹治 马明威 费振翔 智一桐 李春 赵海龙 李丹 童弟 沈慧芬 黄斐,陈凯歌,1993,171 分钟
剧情 喜剧 爱情 战争,美丽人生 La vita è bella,　　犹太青年圭多（罗伯托·贝尼尼）邂逅美丽的女教师多拉（尼可莱塔·布拉斯基），他彬彬有礼的向多拉鞠躬：“早安！公主！”。历经诸多令人啼笑皆非的周折后，天遂人愿，两人幸福美满的生活在一起。,罗伯托·贝尼尼 尼可莱塔·布拉斯基 乔治·坎塔里尼 朱斯蒂诺·杜拉诺 赛尔乔·比尼·布斯特里克 玛丽萨·帕雷德斯 霍斯特·布赫霍尔茨 利迪娅·阿方西 朱利亚娜·洛约迪切 亚美利哥·丰塔尼 彼得·德·席尔瓦 弗朗西斯·古佐 拉法埃拉·莱博罗尼 克劳迪奥·阿方西 吉尔·巴罗尼 马西莫·比安奇 恩尼奥·孔萨尔维 吉安卡尔洛·科森蒂诺 阿伦·克雷格,罗伯托·贝尼尼,1997,116分钟
剧情 科幻 悬疑 冒险,盗梦空间 Inception,　　道姆·柯布（莱昂纳多·迪卡普里奥LeonardoDiCaprio饰）与同事阿瑟（约瑟夫·戈登-莱维特JosephGordon-Levitt饰）和纳什（卢卡斯·哈斯LukasHaas饰）在一次针对日本能源大亨齐藤（渡边谦饰）的盗梦行动中失败，反被齐藤利用。齐藤威逼利诱因遭通缉而流亡海外的柯布帮他拆分他竞争对手的公司，采取极端措施在其唯一继承人罗伯特·费希尔（希里安·墨菲CillianMurphy饰）的深层潜意识中种下放弃家族公司、自立门户的想法。为了重返美国，柯布偷偷求助于岳父迈尔斯（迈克尔·凯恩MichaelCaine饰），吸收了年轻的梦境设计师艾里阿德妮（艾伦·佩吉EllenPage饰）、梦境演员艾姆斯（汤姆·哈迪TomHardy饰）和药剂师约瑟夫（迪利普·劳DileepRao饰）加入行动。在一层层...,莱昂纳多·迪卡普里奥 约瑟夫·高登-莱维特 艾伦·佩吉 汤姆·哈迪 渡边谦 迪利普·劳 基里安·墨菲 汤姆·贝伦杰 玛丽昂·歌迪亚 皮特·波斯尔思韦特 迈克尔·凯恩 卢卡斯·哈斯 李太力 克莱尔·吉尔蕾 马格努斯·诺兰 泰勒·吉蕾 乔纳森·吉尔 水源士郎 冈本玉二 厄尔·卡梅伦 瑞恩·海沃德 米兰达·诺兰 拉什·费加 蒂姆·科勒赫 妲露拉·莱莉,克里斯托弗·诺兰,2010,148分钟
剧情 爱情 灾难,泰坦尼克号 Titanic,　　1912年4月10日，号称“世界工业史上的奇迹”的豪华客轮泰坦尼克号开始了自己的处女航，从英国的南安普顿出发驶往美国纽约。富家少女罗丝（凯特•温丝莱特）与母亲及未婚夫卡尔坐上了头等舱；另一边，放荡不羁的少年画家杰克（莱昂纳多·迪卡普里奥）也在码头的一场赌博中赢得了下等舱的船票。,莱昂纳多·迪卡普里奥 凯特·温丝莱特 比利·赞恩 凯西·贝茨 弗兰西丝·费舍 格劳瑞亚·斯图尔特 比尔·帕克斯顿 伯纳德·希尔 大卫·沃纳 维克多·加博 乔纳森·海德 苏茜·爱米斯 刘易斯·阿伯内西 尼古拉斯·卡斯柯恩 阿那托利·萨加洛维奇 丹尼·努齐 杰森·贝瑞 伊万·斯图尔特 艾恩·格拉法德 乔纳森·菲利普斯 马克·林赛·查普曼 理查德·格拉翰 保罗·布赖特威尔 艾瑞克·布里登 夏洛特·查顿 博纳德·福克斯 迈克尔·英塞恩 法妮·布雷特 马丁·贾维斯 罗莎琳·艾尔斯 罗切尔·罗斯 乔纳森·伊万斯-琼斯 西蒙·克雷恩 爱德华德·弗莱彻 斯科特·安德森 马丁·伊斯特 克雷格·凯利 格雷戈里·库克 利亚姆·图伊 詹姆斯·兰开斯特 艾尔莎·瑞雯 卢·帕尔特 泰瑞·佛瑞斯塔 凯文·德·拉·诺伊,詹姆斯·卡梅隆,1997,194分钟
爱情 科幻 动画 冒险,机器人总动员 WALL·E,　　公元2805年，人类文明高度发展，却因污染和生活垃圾大量增加使得地球不再适于人类居住。地球人被迫乘坐飞船离开故乡，进行一次漫长无边的宇宙之旅。临行前他们委托Buynlarge的公司对地球垃圾进行清理，该公司开发了名为WALL·E（WasteAllocationLoadLifters–Earth地球废品分装员）的机器人担当此重任。,本·贝尔特 艾丽莎·奈特 杰夫·格尔林 佛莱德·威拉特 西格妮·韦弗 MacInTalk 约翰·拉岑贝格 凯茜·纳基麦 泰迪·牛顿 鲍伯·伯根 洛丽·理查德森 吉姆·瓦德 彼特·道格特 安德鲁·斯坦顿 杰夫·皮金 约翰·齐甘 米凯·麦高万 雪莉·琳恩 克莱特·惠特克 唐纳德·富利洛夫 罗里·艾伦 杰斯·哈梅尔 拉瑞恩·纽曼 扬·拉布森 保罗·伊丁,安德鲁·斯坦顿,2008,98分钟
剧情 音乐,海上钢琴师 La leggenda del pianista sull'oceano,　　本片讲述了一个钢琴天才传奇的一生。,蒂姆·罗斯 普路特·泰勒·文斯 比尔·努恩 梅兰尼·蒂埃里 阿尔贝托·巴斯克斯,朱塞佩·托纳多雷,1998,165分钟
剧情 喜剧 爱情 歌舞,三傻大闹宝莱坞 3 Idiots,　　本片根据印度畅销书作家奇坦·巴哈特（ChetanBhagat）的处女作小说《五点人》（FivePointSomeone）改编而成。法兰（马德哈万RMadhavan饰）、拉杜（沙曼·乔希SharmanJoshi饰）与兰乔（阿米尔·汗AamirKhan饰）是皇家工程学院的学生，三人共居一室，结为好友。在以严格著称的学院里，兰乔是个非常与众不同的学生，他不死记硬背，甚至还公然顶撞校长“病毒”（波曼·伊拉尼BomanIrani饰），质疑他的教学方法。他不仅鼓动法兰与拉杜去勇敢追寻理想，还劝说校长的二女儿碧雅（卡琳娜·卡普KareenaKapoor饰）离开满眼铜臭的未婚夫。兰乔的特立独行引起了模范学生“消音器”（奥米·维嘉OmiVaidya饰）的不满，他约定十年后再与兰乔一决高下，看哪种生活方式更能取得成功。,阿米尔·汗 卡琳娜·卡普尔 马达范 沙尔曼·乔希 奥米·瓦依达 博曼·伊拉尼 莫娜·辛格 拉杰夫·拉宾德拉纳特安,拉吉库马尔·希拉尼,2009,171分钟(印度)
剧情,忠犬八公的故事 Hachi: A Dog's Tale,　　八公（Forest饰）是一条谜一样的犬，因为没有人知道它从哪里来。教授帕克（理查·基尔RichardGere饰）在小镇的火车站拣到一只走失的小狗，冥冥中似乎注定小狗和帕克教授有着某种缘分，帕克一抱起这只小狗就再也放不下来，最终，帕克对小狗八公的疼爱感化了起初极力反对养狗的妻子卡特（琼·艾伦JoanAllen饰）。八公在帕克的呵护下慢慢长大，帕克上班时八公会一直把他送到车站，下班时八公也会早早便爬在车站等候，八公的忠诚让小镇的人家对它更加疼爱。有一天，八公在帕克要上班时表现异常，居然玩起了以往从来不会的捡球游戏，八公的表现让帕克非常满意，可是就是在那天，帕克因病去世。帕克的妻子、女儿安迪（萨拉·罗默尔SarahRoemer饰）及女婿迈克尔（罗比·萨布莱特RobbieSublett饰）怀着无比沉痛的心情埋葬了帕克，可是不明就里的...,理查·基尔 萨拉·罗默尔 琼·艾伦 罗比·萨布莱特 艾瑞克·阿瓦利 田川洋行 杰森·亚历山大 罗伯特·卡普荣,拉斯·霍尔斯道姆,2009,93分钟
剧情 音乐,放牛班的春天 Les choristes,　　1949年的法国乡村，音乐家克莱门特（杰勒德•尊诺饰）到了一间外号叫“塘低”的男子寄宿学校当助理教师。学校里的学生大部分都是难缠的问题儿童，体罚在这里司空见惯，学校的校长（弗朗西斯•贝尔兰德饰）只顾自己的前途，残暴高压。,热拉尔·朱尼奥 让-巴蒂斯特·莫尼耶 弗朗索瓦·贝莱昂 凯德·麦拉德 玛丽·布奈尔 马科森斯·珀林 让-保罗·博奈雷 格雷戈里·加迪诺尔 托马斯·布伦门塔尔 Cyril Bernicot Simon Fargeot Théodule Carré-Cassaigne 菲利普·杜·詹纳兰德 卡罗尔·韦斯 Erick Desmarestz,克里斯托夫·巴拉蒂,2004,97 分钟
喜剧 爱情 奇幻 冒险,大话西游之大圣娶亲 西遊記大結局之仙履奇緣,　　至尊宝（周星驰饰）被月光宝盒带回到五百年前，遇见紫霞仙子（朱茵饰），被对方打上烙印成为对方的人，并发觉自己已变成孙悟空。,周星驰 吴孟达 朱茵 蔡少芬 蓝洁瑛 莫文蔚 罗家英 刘镇伟 陆树铭 李健仁,刘镇伟,1995,95分钟
剧情 犯罪,教父 The Godfather,　　40年代的美国，“教父”维托·唐·柯里昂（马龙·白兰度饰）是黑手党柯里昂家族的首领，带领家族从事非法的勾当，但同时他也是许多弱小平民的保护神，深得人们爱戴。,马龙·白兰度 阿尔·帕西诺 詹姆斯·肯恩 理查德·卡斯特尔诺 罗伯特·杜瓦尔 斯特林·海登 约翰·马利 理查德·康特 艾尔·勒提埃里 黛安·基顿 阿贝·维高达 塔莉娅·夏尔 吉亚尼·罗素 约翰·凯泽尔 鲁迪·邦德,弗朗西斯·福特·科波拉,1972,175 分钟
动画 家庭 儿童 奇幻,龙猫 となりのトトロ,　　小月的母亲生病住院了，父亲带着她与四岁的妹妹小梅到乡间的居住。她们对那里的环境都感到十分新奇，也发现了很多有趣的事情。她们遇到了很多小精灵，她们来到属于她们的环境中，看到了她们世界中很多的奇怪事物，更与一只大大胖胖的龙猫成为了朋友。龙猫与小精灵们利用他们的神奇力量，为小月与妹妹带来了很多神奇的景观，令她们大开眼界。,日高法子 坂本千夏 糸井重里 岛本须美 北林谷荣 高木均 雨笠利幸 丸山裕子 广濑正志 鹫尾真知子 铃木玲子 千叶繁 龙田直树 鳕子 西村朋纮 石田光子 神代知衣 中村大树 水谷优子 平松晶子 大谷育江,宫崎骏,1988,86分钟
剧情 科幻,楚门的世界 The Truman Show,　　楚门（金•凯瑞JimCarrey饰）是一个平凡得不能再平凡的人，除了一些有些稀奇的经历之外——初恋女友突然失踪、溺水身亡的父亲忽然似乎又出现在眼前，他和绝大多数30多岁的美国男人绝无异样。这令他倍感失落。他也曾试过离开自己生活了多年的地方，但总因种种理由而不能成行。,金·凯瑞 劳拉·琳妮 艾德·哈里斯 诺亚·艾默里奇 娜塔莎·麦克艾霍恩,彼得·威尔,1998,103 分钟
剧情 爱情 历史 战争,乱世佳人 Gone with the Wind,　　美国南北战争前夕，南方农场塔拉庄园的千金斯嘉丽（费雯·丽VivienLeigh饰）爱上了另一个农场主的儿子艾希礼（莱斯利·霍华德LeslieHoward饰），遭到了拒绝，为了报复，她嫁给了自己不爱的男人，艾希礼妻子梅兰（奥利维娅·德哈维兰OliviadeHavilland饰）的弟弟查尔斯。,托马斯·米切尔 芭芭拉·欧内尔 费雯·丽 伊夫林·凯耶斯 安·卢瑟福德 乔治·里弗斯 弗莱德·克莱恩 海蒂·麦克丹尼尔斯 奥斯卡·波尔克 巴特弗莱·麦昆 维克托·乔里 埃弗雷特·布朗 霍华德·C·希克曼 艾丽西亚·瑞特 莱斯利·霍华德 奥利维娅·德·哈维兰 兰德·布鲁克斯 卡洛尔·奈 克拉克·盖博 劳拉·霍普·克鲁斯 埃迪·安德森 哈里·达文波特 利昂娜·罗伯特 简·达威尔 欧娜·满森 保罗·赫斯特 伊莎贝尔·朱尔 卡米·金·肯伦 艾瑞克·林登 J·M·克里根 沃德·邦德 莉莲·肯布尔-库珀,"维克多·弗莱明,乔治·库克,山姆·伍德",1939,238分钟
剧情 科幻 冒险,星际穿越 Interstellar,　　近未来的地球黄沙遍野，小麦、秋葵等基础农作物相继因枯萎病灭绝，人类不再像从前那样仰望星空，放纵想象力和灵感的迸发，而是每日在沙尘暴的肆虐下倒数着所剩不多的光景。在家务农的前NASA宇航员库珀（马修·麦康纳MatthewMcConaughey饰）接连在女儿墨菲（麦肯吉·弗依MackenzieFoy饰）的书房发现奇怪的重力场现象，随即得知在某个未知区域内前NASA成员仍秘密进行一个拯救人类的计划。多年以前土星附近出现神秘虫洞，NASA借机将数名宇航员派遣到遥远的星系寻找适合居住的星球。在布兰德教授（迈克尔·凯恩MichaelCaine饰）的劝说下，库珀忍痛告别了女儿，和其他三名专家教授女儿艾米莉亚·布兰德（安妮·海瑟薇AnneHathaway饰）、罗米利（大卫·吉雅西DavidGyasi饰）、多伊尔（韦斯·本特利WesB...,马修·麦康纳 安妮·海瑟薇 杰西卡·查斯坦 卡西·阿弗莱克 迈克尔·凯恩 马特·达蒙 麦肯吉·弗依 蒂莫西·柴勒梅德 艾伦·伯斯汀 约翰·利思戈 韦斯·本特利 大卫·吉雅西 比尔·欧文 托弗·戈瑞斯 科莱特·沃夫 弗朗西斯·X·麦卡蒂 安德鲁·博尔巴 乔什·斯图沃特 莱雅·卡里恩斯 利亚姆·迪金森 杰夫·赫普内尔 伊莱耶斯·加贝尔 布鲁克·史密斯 大卫·奥伊罗 威廉姆·德瓦内 拉什·费加 格里芬·弗雷泽 弗洛拉·诺兰,克里斯托弗·诺兰,2014,169分钟
剧情 喜剧,触不可及 Intouchables,　　因为一次跳伞事故，白人富翁菲利普Philippe（弗朗索瓦·克鲁塞FrançoisCluzet饰）瘫痪在床，欲招聘一名全职陪护。由于薪酬高，应聘者云集，个个舌灿莲花，却无法打动他的心。直到黑人德希斯Driss（奥玛·赛OmarSy饰）的出现才让他作出决定。德希斯刚从监狱出来，背负家庭重担，一心只想寻张辞退信以申领救济金，而且他明显对女助理的兴趣要远大于这份工作。但是菲利普还是一眼相中了这个小伙子。于是，德希斯开始了一个月的试用期。虽然舒适的豪宅环境让他倍感虚荣，但是他仍面临很多挑战：不仅要为菲利普作身体复健，还得给他洗浴、灌肠、拆信、穿丝袜等。起初，两人的思维方式与价值观大相径庭，但是，随着了解的不断深入，他们成为了朋友……,弗朗索瓦·克鲁塞 奥玛·希 安娜·勒尼 奥德雷·弗勒罗 托马·索利韦尔,"奥利维埃·纳卡什,埃里克·托莱达诺",2011,112分钟
剧情 悬疑 犯罪,无间道 無間道,　　1991年，香港黑帮三合会会员刘健明（刘德华）听从老大韩琛（曾志伟）的吩咐，加入警察部队成为黑帮卧底，韩琛许诺刘健明会帮其在七年后晋升为见习督察。1992年，警察训练学校优秀学员陈永仁（梁朝伟）被上级要求深入到三合会做卧底，终极目标是成为韩琛身边的红人。2002年，两人都不负重望，也都身背重压，刘健明渐想成为一个真正的好人，陈永仁则盼着尽快回归警察身份。,刘德华 梁朝伟 黄秋生 曾志伟 郑秀文 陈慧琳 陈冠希 余文乐 杜汶泽 林家栋 萧亚轩,"刘伟强,麦兆辉",2002,101分钟
剧情 家庭 传记,当幸福来敲门 The Pursuit of Happyness,　　克里斯•加纳（威尔·史密斯WillSmith饰）用尽全部积蓄买下了高科技治疗仪，到处向医院推销，可是价格高昂，接受的人不多。就算他多努力都无法提供一个良好的生活环境给妻儿，妻子（桑迪·牛顿ThandieNewton饰）最终选择离开家。从此他带着儿子克里斯托夫（贾登·史密斯JadenSmith饰）相依为命。克里斯好不容易争取回来一个股票投资公司实习的机会，就算没有报酬，成功机会只有百分之五，他仍努力奋斗，儿子是他的力量。他看尽白眼，与儿子躲在地铁站里的公共厕所里，住在教堂的收容所里……他坚信，幸福明天就会来临。,威尔·史密斯 贾登·史密斯 坦迪·牛顿 布莱恩·豪威  詹姆斯·凯伦 丹·卡斯泰兰尼塔 柯特·富勒 塔卡尤·费舍尔 凯文·韦斯特 乔治·张 戴维·迈克尔·西尔弗曼 多米尼克·博夫 杰弗·卡伦 乔伊芙·拉文 斯科特·克拉斯,加布里埃莱·穆奇诺,2006,117分钟
剧情 爱情,天堂电影院 Nuovo Cinema Paradiso,　　意大利南部小镇，古灵精怪的小男孩多多（萨瓦特利·卡西欧饰）喜欢看电影，更喜欢看放映师艾佛特（菲利浦·诺瓦雷饰）放电影，他和艾佛特成为了忘年之交，在胶片中找到了童年生活的乐趣。,安东内拉·阿蒂利 恩佐·卡拉瓦勒 艾萨·丹尼埃利 里奥·故罗塔 马克·莱昂纳蒂 普佩拉·玛奇奥 阿格妮丝·那诺 莱奥波多·特里耶斯泰 萨瓦特利·卡西欧 塔诺·希玛罗萨 尼古拉·迪·平托 罗伯塔·蕾娜 尼诺·戴罗佐 雅克·贝汉 布丽吉特·佛西 菲利普·努瓦雷,朱塞佩·托纳多雷,1988,155分钟
剧情 喜剧 爱情,怦然心动 Flipped,　　布莱斯（卡兰•麦克奥利菲CallanMcAuliffe饰）全家搬到小镇，邻家女孩朱丽（玛德琳•卡罗尔MadelineCarroll饰）前来帮忙。她对他一见钟情，心愿是获得他的吻。两人是同班同学，她一直想方设法接近他，但是他避之不及。她喜欢爬在高高的梧桐树上看风景。但因为施工，树被要被砍掉，她誓死捍卫，希望他并肩作战，但是他退缩了。她的事迹上了报纸，外公对她颇有好感，令他十分困惑。她凭借鸡下蛋的项目获得了科技展第一名，成了全场焦点，令他黯然失色。她把自家鸡蛋送给他，他听家人怀疑她家鸡蛋不卫生，便偷偷把鸡蛋丢掉。她得知真相，很伤心，两人关系跌入冰点。她跟家人诉说，引发争吵。原来父亲一直攒钱照顾傻弟弟，所以生活拮据。她理解了父母，自己动手，还得到了他外公的鼎力相助。他向她道歉，但是并未解决问题。他开始关注她。鸡蛋风波未平，家庭晚宴与午餐男孩评选...,玛德琳·卡罗尔 卡兰·麦克奥利菲 瑞贝卡·德·莫妮 安东尼·爱德华兹 约翰·马奥尼 佩内洛普·安·米勒 艾丹·奎因 凯文·韦斯曼 摩根·莉莉 肖恩·哈珀 瑞安·克茨纳 吉莉安·普法夫 迈克尔·博萨 博·勒纳 杰奎琳·埃沃拉 泰勒·格鲁秀斯,罗伯·莱纳,2010,90分钟(美国)
剧情,十二怒汉 12 Angry Men,　　一个在贫民窟长大的18岁少年因为涉嫌杀害自己的父亲被告上法庭，证人言之凿凿，各方面的证据都对他极为不利。十二个不同职业的人组成了这个案件的陪审团，他们要在休息室达成一致的意见，裁定少年是否有罪，如果罪名成立，少年将会被判处死刑。,亨利·方达 马丁·鲍尔萨姆 约翰·菲德勒 李·科布 E.G.马绍尔 杰克·克卢格曼  爱德华·宾斯 杰克·瓦尔登 约瑟夫·史威尼 埃德·贝格利 乔治·沃斯科维奇 罗伯特·韦伯,西德尼·吕美特,1957,96 分钟
剧情 奇幻 冒险,少年派的奇幻漂流 Life of Pi,　　故事开始于蒙特娄，也结束于蒙特娄。一名在找寻灵感的作家（拉菲·斯波RafeSpall饰）无意间得知派·帕帖尔（伊尔凡·可汗IrrfanKhan饰）的传奇故事。派的父亲（阿迪勒·侯赛因AdilHussain饰）开了一家动物园。因这样特殊的生活环境，少年派（苏拉·沙玛SurajSharma饰）对信仰与人的本性自有一套看法。在派17岁那一年，他的父母决定举家移民加拿大以追求更好的生活，而他也必须离开他的初恋情人。在前往加拿大的船上，他们遇见一位残忍成性的法国厨师（杰拉尔·德帕迪约GérardDepardieu饰）。当天深夜在茫茫大海中，原本令派感到刺激无比的暴风雨一瞬间就成了吞噬货船的大灾难。派却奇迹般地活了下来，搭着救生船在太平洋上漂流，而且有一名最令人意想不到的同伴——理查德·帕克，一只孟加拉老虎。神奇的冒险旅程就这样意...,苏拉·沙玛 伊尔凡·可汗 拉菲·斯波 阿迪勒·侯赛因 塔布 阿尤什·坦东 加塔姆·贝鲁尔 阿彦·汗 穆德·阿巴斯·卡勒里 维比什·希瓦库玛 热拉尔·德帕迪约 詹姆斯·塞托 俊·奈托 安德里亚·迪·斯戴法诺 沙拉万提·塞纳特 王柏杰 柯一正 黄健玮,李安,2012,127分钟
剧情 动作 奇幻 冒险,指环王3：王者无敌 The Lord of the Rings: The Return of the King,　　魔幻战争逐渐进入高潮阶段。霍比特人弗拉多（伊利亚·伍德ElijahWood饰）携带着魔戒，与伙伴山姆（SeanAstin饰）以及狡猾阴暗的咕噜等前往末日山，一路上艰难险阻不断，魔君索伦为阻止魔戒被销毁用尽全力阻挠。另一方面，白袍巫师甘道夫（伊安·麦克莱恩IanMcKellen饰）率中土勇士们镇守刚铎首都——白城米那斯提里斯。魔兽大军压境，黑暗与光明的决战即将来临……,维果·莫腾森 伊利亚·伍德 西恩·奥斯汀 丽芙·泰勒 伊恩·麦克莱恩 奥兰多·布鲁姆 凯特·布兰切特 米兰达·奥图 安迪·瑟金斯 雨果·维文 多米尼克·莫纳汉 比利·博伊德 马尔顿·索克斯 卡尔·厄本 克里斯托弗·李 约翰·瑞斯-戴维斯,彼得·杰克逊,2003,201分钟
剧情 战争,鬼子来了,　　抗日战争末期，河北某偏僻乡村挂甲台的老实村民马大三（姜文饰）迎来棘手难题：某人将分别装有日本鬼子花屋小三郎（香川照之饰）和汉奸翻译董汉臣的麻袋扔给他，声称不日来取，却迟迟不见其来。厚道的马大三一边将两人当亲爹娘侍奉，一边同村人商议计策，最后决定将两人处死，但终因“天意”不了了之。,姜文 香川照之 袁丁 姜宏波 陈强 丛志军 喜子 李海滨 泽田谦也 蔡卫东 陈莲梅 宫路佳具 吴大维 梶冈润一 姜武,姜文,2000,139分钟
剧情 动作 科幻 惊悚 犯罪,蝙蝠侠：黑暗骑士 The Dark Knight,　　从亲眼目睹父母被人杀死的阴影中走出来的“蝙蝠侠”，经历了成长之后，已经不再是那个桀骜不的孤单英雄了。在警官吉姆·戈登和检查官哈维·登特的通力帮助下，“蝙蝠侠”无后顾之忧地继续满世界的奔波，与日益增长起来的犯罪威胁做着永无休止的争斗，而他所在的高谭市，也是进展最为明显的地方，犯罪率以一种惊人的速度持续下降着，毕竟对方是能够上天入地的“蝙蝠侠”，不借两个胆子谁还敢造次呢？不过像高谭这种科技与污秽并存的城市，平静是不可能维持太久的，果不其然，新一轮的混乱很快就席卷了整个城市，人们再一被被恐慌所笼罩着，而声称愿意为这一切负责的，自然就是所有混乱的源头以及支配者--“小丑”了。,克里斯蒂安·贝尔 希斯·莱杰 艾伦·艾克哈特 迈克尔·凯恩 玛吉·吉伦哈尔 加里·奥德曼 摩根·弗里曼 莫尼克·加布里埃拉·库尔内 罗恩·迪恩 基里安·墨菲 黄经汉 内斯特·卡博内尔 埃里克·罗伯茨 里特奇·科斯特 安东尼·迈克尔·豪尔 基斯·斯扎拉巴基克 柯林·麦克法兰 约书亚·哈尔托 美琳达·麦格劳 内森·甘宝 迈克尔·维约 迈克尔·斯托扬诺夫 威廉·斯米利 丹尼·高德林 迈克尔·加·怀特 马修·奥尼尔 威廉·菲德内尔 欧鲁米基·欧拉乌米 格雷格·比姆 爱利克·赫尔曼 毕崔斯·罗森 文森佐·尼克力 陈冠希,克里斯托弗·诺兰,2008,152分钟
剧情 家庭 历史,活着,　　根据余华同名小说改编。,葛优 巩俐 姜武 牛犇 郭涛 张璐 倪大红 肖聪 董飞 刘天池 董立范 黄宗洛 刘燕瑾 李连义 杨同顺,张艺谋,1994,132分钟
动画 奇幻 冒险,天空之城 天空の城ラピュタ,　　古老帝国拉比达是一座漂浮在空中的巨大的机器岛，传说那里已经无人居住，蕴藏着巨大的财富。因此，无论军方还是海盗，都在找寻着这座传说中的飞行岛。,田中真弓 横泽启子 初井言荣 寺田农 常田富士男 永井一郎 糸博 鹫尾真知子 神山卓三 安原义人 槐柳二 鳕子,宫崎骏,1986,125分钟
剧情 喜剧 爱情,罗马假日 Roman Holiday,　　欧洲某国的安妮公主（奥黛丽·赫本AudreyHepburn饰）到访罗马，国务烦身，但她又厌倦繁文缛节。一天晚上，身心俱疲的她偷偷来到民间欣赏夜景，巧遇报社记者乔（格里高利·派克GregoryPeck饰）。二人把手同游，相当快乐。公主更是到乔的家中作客并在那过夜。,奥黛丽·赫本 格利高里·派克 埃迪·艾伯特 哈特利·鲍尔 哈考特·威廉姆斯,威廉·惠勒,1953,118 分钟
喜剧 爱情 奇幻 冒险,大话西游之月光宝盒 西遊記第壹佰零壹回之月光寶盒,　　孙悟空（周星驰）护送唐三藏（罗家英）去西天取经路上，与牛魔王合谋欲杀害唐三藏，并偷走了月光宝盒，此举使观音萌生将其铲除心思，经唐三藏请求，孙悟空被判五百年后重新投胎做人赎其罪孽。,周星驰 吴孟达 罗家英 蓝洁瑛 莫文蔚 江约诚 陆树铭 刘镇伟 朱茵 李健仁,刘镇伟,1995,87分钟
剧情 喜剧 动画 冒险,飞屋环游记 Up,　　小男孩卡尔（CarlFredricksen）怀揣着对于冒险的热爱偶遇假小子艾丽（Ellie），而艾丽把整个屋子当成一艘大飞船游戏居然使他对这个女孩子有些着迷，相同的爱好最终使两个人成为了一生的爱侣。,爱德华·阿斯纳 克里斯托弗·普卢默 乔丹·长井 鲍勃·彼德森 戴尔里·林多 杰罗姆·兰福特 约翰·拉岑贝格 大卫·卡耶 艾丽·道克特 杰里米·利里 米凯·麦高万 丹尼·曼恩 唐纳德·富利洛夫 杰斯·哈梅尔 乔什·库雷 彼特·道格特,"彼特·道格特,鲍勃·彼德森",2009,96分钟
喜剧 动画 冒险,疯狂动物城 Zootopia,　　故事发生在一个所有哺乳类动物和谐共存的美好世界中，兔子朱迪（金妮弗·古德温GinniferGoodwin配音）从小就梦想着能够成为一名惩恶扬善的刑警，凭借着智慧和努力，朱迪成功的从警校中毕业进入了疯狂动物城警察局，殊不知这里是大型肉食类动物的领地，作为第一只，也是唯一的小型食草类动物，朱迪会遇到怎样的故事呢？,金妮弗·古德温 杰森·贝特曼 伊德里斯·艾尔巴 珍妮·斯蕾特 内特·托伦斯 邦尼·亨特 唐·雷克 汤米·钟 J·K·西蒙斯 奥克塔维亚·斯宾瑟 艾伦·图代克 夏奇拉 雷蒙德·S·佩尔西 德拉·萨巴 莫里斯·拉马奇 菲尔·约翰斯顿 约翰·迪·玛吉欧 凯蒂·洛斯 吉塔·雷迪 杰西·科尔蒂 汤米·利斯特 乔希·达拉斯 瑞奇·摩尔 凯斯·索西 彼得·曼斯布里奇 拜伦·霍华德 杰拉德·布什 马克·史密斯 乔西·特立尼达 约翰·拉维尔 克里斯汀·贝尔 吉尔·科德斯 梅利莎·古德温,"拜伦·霍华德,瑞奇·摩尔,杰拉德·布什",2016,109分钟(中国大陆)
剧情 悬疑,窃听风暴 Das Leben der Anderen,　　1984年的东德，整个社会笼罩在国家安全局的高压统治之下，特工魏斯曼（乌尔利希·穆厄饰）奉命监听剧作家德莱曼（塞巴斯蒂安·寇治饰）及其女友演员克里斯蒂娜（玛蒂娜·杰蒂克饰）的生活，监听过程中，魏斯曼渐渐对这家人的生活产生了兴趣，开始暗中帮助他们。一篇刊登在西德《明镜》报上的文章引起了特工头目的注意，他们认为这篇文章是德莱曼写的，并逮捕了克里斯蒂娜，希望能够从她口中得出她丈夫的秘密？而审问克里斯蒂娜的正是魏斯曼……,乌尔里希·穆埃 马蒂娜·格德克 塞巴斯蒂安·科赫 乌尔里希·图库尔 托马斯·蒂梅,弗洛里安·亨克尔·冯·多纳斯马尔克,2006,137分钟
剧情 喜剧 犯罪,"两杆大烟枪 Lock, Stock and Two Smoking Barrels",　　艾迪（尼克·莫伦）思维敏捷，是个玩牌高手。在三个好友的支持下，艾迪携巨资参加了黑社会的高额赌局，不想落入圈套，欠下50万的赌债。为了还清赌债，艾迪和朋友们绞尽脑汁，最终算计到一群毒贩身上，并为打劫购买了两杆老式烟枪。,杰森·弗莱明 德克斯特·弗莱彻 尼克·莫兰 杰森·斯坦森 斯蒂文·麦金托什 斯汀 维尼·琼斯,盖·里奇,1998,107分钟
剧情,飞越疯人院 One Flew Over the Cuckoo's Nest,　　麦克墨菲（杰克·尼科尔森JackNicholson饰）为了逃避监狱里的强制劳动，装作精神异常，被送进了精神病院，他的到来，给死气沉沉的精神病院带来了剧烈的冲击。,杰克·尼科尔森 丹尼·德维托 克里斯托弗·洛伊德 路易丝·弗莱彻 特德·马克兰德 布拉德·道里夫,米洛斯·福尔曼,1975,133分钟
剧情 悬疑 犯罪,控方证人 Witness for the Prosecution,　　伦敦著名刑案辩护律师韦菲爵士（查尔斯•劳顿CharlesLaughton饰）接受了心脏病治疗，但是身体依旧虚弱，第一天回家休养，护士一直严厉监督他服药，并杜绝烟酒。管家为了便于上楼，还专门为他修了电梯。但是，种种关心照顾，对于这位桀骜不驯、牙尖嘴利的大律师根本不起作用，反倒是一纸诉状令他倍感兴奋。律师梅休和当事人沃尔（泰隆•鲍华TyronePower饰）登门拜访，请他出山打官司。原来，沃尔结识了富婆，两人相见甚欢，虽然仆人对他发明的打蛋器充满鄙夷，但是富婆却对他充满爱意，甚至为他修改了遗嘱，把8万英镑留给了他。然而，富婆却惨遭毒手。于是，沃尔成为警方的头号嫌疑犯。他的唯一证人是妻子克里斯汀（玛琳•黛德丽MarleneDietrich饰），然而后者登门时的冷漠与淡定，令韦菲爵士怀疑这其中另有隐情。在扑朔迷离的案件背后，隐藏着一个个环环相扣...,泰隆·鲍华 玛琳·黛德丽 查尔斯·劳顿 爱尔莎·兰切斯特 约翰·威廉姆斯 亨利·丹尼尔 伊安·沃尔夫 托林·撒切尔 诺玛·威登,比利·怀尔德,1957,116分钟
剧情,闻香识女人 Scent of a Woman,　　查理（克里斯•奥唐纳ChrisO'Donnell饰）是一个普通的中学生，他因为见证着一件恶作剧但又不想出卖朋友，于是面临着一道艰难的选择题——要么坦白，要么被学校勒退。而史法兰（阿尔•帕西诺AlPacino饰）是一个退伍军官，因为意外失明，人生从顶点的辉煌滑落谷底。,阿尔·帕西诺 克里斯·奥唐纳 詹姆斯·瑞布霍恩 加布里埃尔·安瓦尔 菲利普·塞默·霍夫曼 Richard Venture 布莱德利·惠特福德 Rochelle Oliver Margaret Eginton Tom Riis Farrell Nicholas Sadler 托德·路易斯 Matt Smith 吉恩·坎菲尔德 弗兰西丝·康罗伊,马丁·布莱斯,1992,157 分钟
纪录片,海豚湾 The Cove,　　日本和歌山县太地，是一个景色优美的小渔村，然而这里却常年上演着惨无人道的一幕。每年，数以万计的海豚经过这片海域，他们的旅程却在太地戛然而止。渔民们将海豚驱赶到靠近岸边的一个地方，来自世界各地的海豚训练师挑选合适的对象，剩下的大批海豚则被渔民毫无理由地赶尽杀绝。这些屠杀，这些罪行，因为种种利益而被政府和相关组织所隐瞒。,John Chisholm Mandy-Rae Cruikshank Charles Hambleton Simon Hutchins Kirk Krack 伊莎贝尔·卢卡斯 Richard O'Barry 海顿·潘妮蒂尔 路易·西霍尤斯,路易·西霍尤斯,2009,92分钟
爱情 动画 奇幻 冒险,哈尔的移动城堡 ハウルの動く城,　　继母因无力负担生活，将苏菲和她的两个妹妹都送到了制帽店去当学徒。两个妹妹很快先后就离开了制帽店去追寻各自的梦想，只有苏菲坚持了下来。一天，小镇旁边来了一座移动堡垒，传说堡垒的主人哈尔专吸取年青姑娘的灵魂，所以小镇的姑娘都不敢靠近。,倍赏千惠子 木村拓哉 美轮明宏 我修院达也 神木隆之介 伊崎充则 大泉洋 大塚明夫 原田大二郎 加藤治子 都筑香弥子,宫崎骏,2004,119分钟
剧情 动作 科幻 惊悚,V字仇杀队 V for Vendetta,　　未来的英国社会处于极权统治的高压下，不能容许同性恋者、异教徒等社会角色的存在，人民在黑暗政权下苟延残喘。,娜塔莉·波特曼 雨果·维文 斯蒂芬·瑞 斯蒂芬·弗雷 约翰·赫特 蒂姆·皮戈特-史密斯 鲁珀特·格雷夫斯 罗杰·阿拉姆 本·迈尔斯 西妮德·库萨克 娜塔莎·怀特曼 约翰·斯坦丁 埃迪·马森 克里夫·阿什伯恩 Emma Field-Rayner 伊安·布尔费尔德 Mark Phoenix Alister Mazzotti 比莉·库克 盖伊·亨利 科斯马·肖 Megan Gay Roderic Culver Tara Hacking 安迪·莱什利兹 查德·史塔赫斯基 布拉德利·斯蒂夫·福特 Madeleine Rakic-Platt 塞丽娜·贾尔斯 卡斯腾·海斯 伊莫琴·普茨 劳拉·格林伍德 Kyra Meyer 玛丽·萧克莱  理查德·莱恩 Michael Simkins,詹姆斯·麦克特格,2005,132分钟
剧情,辩护人 변호인,　　1978年，只有高中学历的宋佑硕（宋康昊饰）通过多年的艰苦努力，终于通过司法考试，并在成为法官后很快转行成为一名律师。他敏锐地从最新政策中嗅到商机，以不动产代书业务起家。虽然被同行讥讽为随时随地派发名片的夜店小弟，但佑硕不以为忤，一步一步朝着心中的目标迈进。他依靠赚来的钱让妻儿过上富足的生活，也还了七年前在饭店大婶那里欠下的良心债。进入20世纪80年代，韩国民主化斗争愈演愈烈。佑硕全然不管窗外事，关起门来继续赚钱。然而社会的巨变已经不容他置身事外，饭店大婶的儿子朴镇宇因从属的釜山读书联合会被控为左翼社团而遭到逮捕，更受到残酷的虐待和不公的指控。,宋康昊 吴达洙 金英爱 郭度沅 任时完,杨宇硕,2013,127分钟
剧情,死亡诗社 Dead Poets Society,　　威尔顿预备学院以其沉稳凝重的教学风格和较高的升学率闻名，作为其毕业班的学生，理想就是升入名校。新学期文学老师约翰·基汀（罗宾·威廉姆斯饰）的到来如同一阵春风，一反传统名校的严肃刻板。,罗宾·威廉姆斯 罗伯特·肖恩·莱纳德 伊桑·霍克 乔西·查尔斯 盖尔·汉森 迪伦·库斯曼 阿勒隆·鲁杰罗 詹姆斯·沃特斯顿 诺曼·劳埃德 柯特伍德·史密斯 卡拉·贝尔韦尔 利昂·波纳尔 乔治·马丁 乔·奥菲耶里 马特·凯里,彼得·威尔,1989,128 分钟
剧情 犯罪,教父2 The Godfather: Part Ⅱ,　　影片主要讲述第二代教父麦克·柯里昂（阿尔·帕西诺饰）的奋斗历程，同时回忆了第一代教父维多·柯里昂（罗伯特·德尼罗饰）创业的艰辛，反映了不同历史时期，两代教父的事业、家庭生活。,阿尔·帕西诺 罗伯特·杜瓦尔 黛安·基顿 罗伯特·德尼罗 约翰·凯泽尔 塔莉娅·夏尔 李·斯特拉斯伯格 迈克尔·V·格佐 G·D·斯普拉德林 理查德·布赖特 加斯通·莫辛 汤姆·罗斯奎 布鲁诺·柯比 弗兰克·西维罗 弗朗西丝卡·德·萨维奥,弗朗西斯·福特·科波拉,1974,202分钟
剧情 传记,美丽心灵 A Beautiful Mind,　　本片是关于20世纪伟大数学家小约翰•福布斯-纳什的人物传记片。,罗素·克劳 詹妮弗·康纳利 艾德·哈里斯 克里斯托弗·普卢默 保罗·贝坦尼 亚当·戈德堡 乔什·卢卡斯,朗·霍华德,2001,135 分钟
剧情 动作 奇幻 冒险,指环王2：双塔奇兵 The Lord of the Rings: The Two Towers,　　第二部在延续第一部风格的同时，故事呈现出多线发展的格局，情节有了更高的观赏性。,伊利亚·伍德 西恩·奥斯汀 伊恩·麦克莱恩 维果·莫腾森 奥兰多·布鲁姆 克里斯托弗·李 丽芙·泰勒 安迪·瑟金斯 雨果·维文 卡尔·厄本 凯特·布兰切特 多米尼克·莫纳汉 大卫·文翰 比利·博伊德 布拉德·道里夫 伯纳德·希尔 约翰·瑞斯-戴维斯 米兰达·奥图,彼得·杰克逊,2002,179分钟
剧情 动作 奇幻 冒险,指环王1：魔戒再现 The Lord of the Rings: The Fellowship of the Ring,　　比尔博•巴金斯是100多岁的哈比人，住在故乡夏尔，生性喜欢冒险，在年轻时的一次探险经历中，他从怪物咕噜手中得到了至尊魔戒，这枚戒指是黑暗魔君索伦打造的至尊魔戒，拥有奴役世界的邪恶力量，能够统领其他几枚力量之戒，在3000年前的人类联盟和半兽人大军的战役中，联盟取得了胜利，并得到了至尊魔戒，数千年的辗转后，魔戒落到咕噜手中，被比尔博碰巧得到。,伊利亚·伍德 西恩·奥斯汀 伊恩·麦克莱恩 维果·莫腾森 奥兰多·布鲁姆 凯特·布兰切特 肖恩·宾 克里斯托弗·李 雨果·维文 丽芙·泰勒 安迪·瑟金斯 伊安·霍姆 多米尼克·莫纳汉 萨拉·贝克 约翰·瑞斯-戴维斯,彼得·杰克逊,2001,178分钟
剧情 爱情,情书 Love Letter,　　日本神户某个飘雪的冬日，渡边博子（中山美穗）在前未婚夫藤井树的三周年祭日上又一次悲痛到不能自已。正因为无法抑制住对已逝恋人的思念，渡边博子在其中学同学录里发现“藤井树”在小樽市读书时的地址时，依循着寄发了一封本以为是发往天国的情书。,中山美穗 丰川悦司 酒井美纪 柏原崇 范文雀 篠原胜之 铃木庆一 田口智朗 加贺麻理子 光石研 铃木兰兰 盐见三省 中村久美 梅田凡乃 长田江身子  小栗香织 神户浩 酒井敏也 山口诗史 山崎一 德井优 武藤寿美,岩井俊二,1995,117分钟
剧情 家庭,饮食男女 飲食男女,　　台湾中国菜硕果仅存的大师老朱（郎雄）退休后，渐尝老年生活的诸多尴尬：每周日费心做出的一桌丰盛菜肴，并无将三个女儿（杨贵媚、吴倩莲、王渝文）齐齐拉到饭桌的吸引力，已经长大成人的她们，心里藏了许多比陪父亲吃饭更重要的事；多年老友的突然离世，令他在友情这块也有了缺口；而对厨师来讲最重要的味觉的丧失，则将其彻底推到人生的低谷。,郎雄 杨贵媚 吴倩莲 王渝文 张艾嘉 归亚蕾 赵文瑄 陈昭荣 陈捷文 卢金城 唐语谦 洪其德 王瑞 杜满生 王玨 陈妤 左正芬 许敬民 聂卓晶 丁仲,李安,1994,124分钟
剧情 犯罪,美国往事 Once Upon a Time in America,　　二十年代的美国，纽约少年“面条”（罗伯特•德尼罗饰）和几个同龄朋友一起认识了聪明狡黠的“麦大”（詹姆斯•伍兹饰），他们开始从事走私活动。不久，面条在一场械斗中杀伤人命，被关进监牢。,罗伯特·德尼罗 詹姆斯·伍兹 伊丽莎白·麦戈文 乔·佩西 波特·杨 塔斯黛·韦尔德 特里特·威廉斯 丹尼·爱罗 理查德·布赖特 詹姆斯·海登 威廉·弗西斯 达兰妮·弗鲁格 拉里·拉普 理查德·弗让吉 罗伯特·哈珀 詹妮弗·康纳利,赛尔乔·莱翁内,1984,229分钟(导演剪辑版)
剧情 动画 歌舞 家庭 冒险,狮子王 The Lion King,　　辛巴是狮子王国的小王子，他的父亲穆法沙是一个威严的国王。然而叔叔刀疤却对穆法沙的王位觊觎已久。,乔纳森·泰勒·托马斯 马修·布罗德里克 杰瑞米·艾恩斯 詹姆斯·厄尔·琼斯 莫伊拉·凯利 内森·连恩 尼基塔·卡兰姆 厄尼·萨贝拉 乌比·戈德堡 罗温·艾金森,"罗杰·阿勒斯,罗伯·明可夫",1994,89 分钟
剧情 传记 历史 战争,钢琴家 The Pianist,　　史标曼（艾德里安•布洛迪AdrienBrody饰）是波兰一家电台的钢琴师。二战即将爆发之时，他们全家被迫被赶进华沙的犹太区。在战争的颠沛流离中，家人和亲戚最终被纳粹杀害，而标曼本人也受尽种种羞辱和折磨，他侥幸得到一位朋友的帮助，暂时有了藏身之处。战争愈加猛烈，朋友不得不抛下他回老家寻得安全的住所养育儿女。此时史标曼恶病缠身，却还要在搜捕中逃亡。在废墟的阁楼上他遇见了一名德国军官，在军官的要求下他弹奏了钢琴曲。美妙的琴声令德国军官萌发了恻隐之心，他暗暗帮助标曼直到俄军对波兰的解放到来……,艾德里安·布洛迪 托马斯·克莱舒曼 艾米莉娅·福克斯 米哈乌·热布罗夫斯基 埃德·斯托帕德 穆琳·利普曼 弗兰克·芬莱 邱莉娅蕾娜 杰西卡·凯特·梅耶尔 理查德·赖丁斯,罗曼·波兰斯基,2002,150分钟
喜剧 爱情,天使爱美丽 Le fabuleux destin d'Amélie Poulain,　　艾米莉（奥黛丽·塔图AudreyTautou饰）有着别人看来不幸的童年——父亲给她做健康检查时，发现她心跳过快，便断定她患上心脏病，从此艾米莉与学校绝缘。随后因为一桩意外，母亲在她眼前突然死去。这一切都毫不影响艾米莉对生活的豁达乐观。,奥黛丽·塔图 马修·卡索维茨 吕菲斯 洛莱拉·克拉沃塔 塞尔日·梅兰 贾梅尔·杜布兹 克洛蒂尔德·莫勒 克莱尔·莫里耶 伊莎贝尔·南蒂 多米尼克·皮侬 阿尔蒂斯·德·彭居埃恩 友兰达·梦露 于尔班·康塞利埃 莫里斯·贝尼舒 米歇尔·罗班 安德烈·达芒 克洛德·佩隆 阿尔梅尔 迪基·奥尔加多 Kevin Fernandes 弗洛拉·吉耶 阿莫里·巴博尔 欧仁·贝蒂埃 让·达里 马克·阿米约,让-皮埃尔·热内,2001,122分钟
剧情 悬疑 惊悚 犯罪,七宗罪 Se7en,　　“暴食”、“贪婪”、“懒惰”、“嫉妒”、“骄傲”、“淫欲”、“愤怒”，这是天主教教义所指的人性七宗罪。城市中发生的连坏杀人案，死者恰好都是犯有这些教义的人。凶手故弄玄虚的作案手法，令资深冷静的警员沙摩塞（摩根•弗里曼MorganFreeman饰）和血气方刚的新扎警员米尔斯（布拉德•皮特BradPitt饰）都陷入了破案的谜团中。他们去图书馆研读但丁的《神曲》，企图从人间地狱的描绘中找到线索，最后从宗教文学哲学的世界中找到了凶手作案计划和手段的蛛丝马迹。凶手前来投案自首，这令众人都松了一口气，以为案件就此结束，怎料还是逃不出七宗罪的杀人逻辑，这次凶手瞄准的目标，是那个犯了“愤怒”罪的人……,摩根·弗里曼 布拉德·皮特 凯文·史派西 格温妮斯·帕特洛 安德鲁·凯文·沃克 约翰·卡西尼 雷格·E·凯蒂 李·厄米,大卫·芬奇,1995,127分钟
剧情 歌舞,被嫌弃的松子的一生 嫌われ松子の一生,　　有一天父亲（香川照之饰）突然来找阿笙（瑛太饰），告诉他有个素未谋面的姑姑死了，叫他去收拾下姑姑的房子。在河边的破烂小屋里，阿笙渐渐开始了解父亲口中的姑姑，到底有着怎样的一生。,中谷美纪 瑛太 香川照之 市川实日子 伊势谷友介 柄本明 黑泽明日香 荒川良良 柴崎幸 土屋安娜 奥之矢佳奈 谷原章介 武田真治 片平渚 宫藤官九郎 角野卓造 田中要次 木村凯拉 谷中敦 剧团一人,中岛哲也,2006,130 分钟
剧情 家庭 儿童,小鞋子 بچههای آسمان,　　家境贫寒的男孩Ali（AmirFarrokhHashemian）帮妹妹Zahra（BahareSeddiqi）取修补好的鞋子时，不慎将鞋子弄丢，为了不被父（MohammadAmirNaji）、母（FereshteSarabandi）责罚，他央求Zahra暂时保密，说两人可以替换着穿他的鞋子上学，并答应一定会帮她买双新鞋子。,Amir Farrokh Hashemian 默罕默德·阿米尔·纳吉 Bahare Seddiqi Nafise Jafar-Mohammadi Fereshte Sarabandi,马基德·马基迪,1997,89 分钟
剧情,素媛 소원,　　她（李来饰）是一个美丽平凡的小女孩，和爸爸妈妈生活在位于街角的家中。家里经营着以她的名字素媛命名的杂货店，母亲（严智媛饰）作为老板娘日夜忙碌不得闲暇，父亲则在工厂干着繁重的工作。在那个飘雨的早上，素媛打着雨伞独自上学。在离学校近在咫尺的地方，她遭遇一个相貌猥琐、酒气冲天的大叔，由此开启了她的悲剧之旅。柔嫩的小花遭到暴风雨无情摧残，受伤的岂止枝枝叶叶，更是那迎着阳光无忧成长的心。无良媒体铺天盖地大肆渲染，作为受害者的素媛一家仿佛成了周身污秽的耻辱之人，被四周诧异好奇的目光所包围。,薛耿求 严志媛 李来 金海淑 金相浩 罗美兰 杨真诚,李濬益,2013,123分钟
剧情 悬疑 惊悚,致命魔术 The Prestige,　　19世纪末，人们对科学文明还不是认识得太过清楚，于是，安吉尔（休•杰克曼HughJackman饰）和伯登（克里斯蒂安•贝尔ChristianBale饰）的魔术，成为了伦敦城内的神奇人物。安吉尔出身贵族，魔术手段华丽丰富，是富人圈子里的表演常客。而伯登即使出身平平，争强好胜的心智和充满创造力的魔术技巧，却也令他有了名气。两人自小本是要好的伙伴，然而，现在魔术界二人各有领地，并且都有野心想成为音乐大厅里的顶级魔术师，一番明争暗斗如箭在弦上。,休·杰克曼 克里斯蒂安·贝尔 迈克尔·凯恩 丽贝卡·豪尔 斯嘉丽·约翰逊 大卫·鲍伊 安迪·瑟金斯 派珀·佩拉博 萨曼塔·马霍林 丹尼尔·戴维斯 吉姆·皮多克 克里斯托弗·尼姆 马克·瑞安 罗杰·里斯 杰米·哈里斯 罗恩·帕金斯 瑞奇·杰 安东尼·德·马克 冀朝理,克里斯托弗·诺兰,2006,130分钟
剧情 家庭 传记 运动,摔跤吧！爸爸 Dangal,　　马哈维亚（阿米尔·汗AamirKhan饰）曾经是一名前途无量的摔跤运动员，在放弃了职业生涯后，他最大的遗憾就是没有能够替国家赢得金牌。马哈维亚将这份希望寄托在了尚未出生的儿子身上，哪知道妻子接连给他生了两个女儿，取名吉塔（法缇玛·萨那·纱卡FatimaSanaShaikh饰）和巴比塔（桑亚·玛荷塔SanyaMalhotra饰）。让马哈维亚没有想到的是，两个姑娘展现出了杰出的摔跤天赋，让他幡然醒悟，就算是女孩，也能够昂首挺胸的站在比赛场上，为了国家和她们自己赢得荣誉。,阿米尔·汗 法缇玛·萨那·纱卡 桑亚·玛荷塔 阿帕尔夏克提·库拉那 沙克希·坦沃 塞伊拉·沃西 苏哈妮·巴特纳格尔 里特维克·萨霍里 吉里什·库卡尼,涅提·蒂瓦里,2016,161分钟(印度)
剧情 动作 传记 历史 战争,勇敢的心 Braveheart,　　威廉•华莱士童年时，其父、苏格兰民族英雄马索•华莱士在与英军的斗争中牺牲，他开始接受父亲好友的指导，学习苏格兰文化和武术。青年华莱士（梅尔•吉布森）学成回到故乡，向美丽的少女梅伦求婚，不想梅伦被英军抢去且遭杀害。在广大村民“英雄之后”的呼声中，华莱士率众揭竿起义，并与苏格兰贵族罗伯结成联盟，但不久他发现，苏格兰贵族考虑的只是自身的利益。,梅尔·吉布森 苏菲·玛索 布莱恩·考克斯 詹姆斯·卡沙莫 辛·劳洛 凯瑟琳·麦克马克 安古斯·麦克菲登,梅尔·吉布森,1995,177 分钟
剧情 爱情 歌舞 传记,音乐之声 The Sound of Music,　　玛利亚（朱丽·安德鲁斯饰）是一个年轻活泼的修女，喜欢在大自然下高声歌唱，所以她常常忘记了修道院里的规矩。院长认为玛利亚并不属于规矩严格的修道院。院长与众嬷嬷商量后，决定安排玛利亚到一位名叫特拉普（克里斯托弗·普卢默饰）上校家当家庭教师。,朱莉·安德鲁斯 克里斯托弗·普卢默 埃琳诺·帕克 理查德·海顿 佩吉·伍德 查尔敏·卡尔 希瑟·孟席斯-尤里克 尼古拉斯·哈蒙德 Duane Chase 安吉拉·卡特怀特 Debbie Turner Kym Karath 安娜·李 Portia Nelson 本·怀特 Daniel Truhitte 诺玛·威登 Gilchrist Stuart Marni Nixon Evadne Baker 多丽丝·劳埃德,罗伯特·怀斯,1965,174分钟
剧情 爱情 奇幻,剪刀手爱德华 Edward Scissorhands,　　爱德华（约翰尼•戴普饰）是一个机器人，他拥有人的心智，却有一双剪刀手，孤独地生活在古堡里，闯入古堡的化妆品推销员佩格把他带回家，让他走进了人类的世界。单纯的爱德华爱上了佩格的女儿金（薇诺娜•瑞德饰），金也慢慢的被爱德华的善良所吸引。,约翰尼·德普 薇诺娜·瑞德 黛安·韦斯特 安东尼·迈克尔·豪尔 凯西·贝克 罗伯特·奥利维里 康查塔·费雷尔 卡罗琳·阿隆 迪克·安东尼·威廉姆斯 澳澜·琼斯 文森特·普莱斯 艾伦·阿金 苏珊·布洛马特 Linda Perri 约翰·戴维森,蒂姆·波顿,1990,105 分钟
剧情 爱情 奇幻,本杰明·巴顿奇事 The Curious Case of Benjamin Button,　　飓风正在侵袭美国新奥尔良，一位病危的老妇睁开了她的睡眼。老妇名叫戴茜（凯特·布兰切特饰），她叫女儿凯若琳（朱莉娅•奥蒙德饰）为她阅读一本日记。这本日记的作者叫本杰明•巴顿（布拉德•皮特饰）。本杰明出生在第一次世界大战停战之时，但生来便像个老人的他被父亲当作怪物，被遗弃在了养老院。本杰明在养老院与老人们一起生活。但谁都没有想到，本杰明逆向发育——越活越年轻！也许“越活越年轻”是某些人的梦想，但真正这样成长的本杰明却有了别人无法理解的烦恼与快乐。穿越半世纪的世界变革，本杰明身处其中，感受别人感受不到的感受。,凯特·布兰切特 布拉德·皮特 朱莉娅·奥蒙德 芳妮·A·钱勃丝 伊莱亚斯·科泰斯 杰森·弗莱明 大卫·詹森 蒂尔达·斯文顿 艾丽·范宁 Joeanna Sayler 乔什·斯图沃特 丹尼·文森 塔拉吉·P·汉森 马赫沙拉·阿里 Fiona Hale 唐娜·杜普兰提尔 兰斯·E·尼克尔斯 Ted Manson Clay Cullen 菲利斯·萨莫维尔 杰瑞德·哈里斯 麦迪逊·贝蒂 汤姆·埃沃雷特 Christopher Maxwell 伊利亚·沃里克,大卫·芬奇,2008,166分钟
剧情 喜剧 犯罪,低俗小说 Pulp Fiction,　　《低俗小说》由“文森特和马沙的妻子”、“金表”、“邦妮的处境”三个故事以及影片首尾的序幕和尾声五个部分组成。看似独立的小故事里面，却又有环环相扣的人和事。,约翰·特拉沃尔塔 乌玛·瑟曼 阿曼达·普拉莫 蒂姆·罗斯 塞缪尔·杰克逊 菲尔·拉马 布鲁斯·威利斯 弗兰克·威利 布尔·斯蒂尔斯 文·瑞姆斯 劳拉·拉芙蕾丝 保罗·考尔德伦 布罗娜·加拉赫 罗姗娜·阿奎特 埃里克·斯托尔兹 玛丽亚·德·梅黛洛,昆汀·塔伦蒂诺,1994,154分钟
剧情 悬疑 惊悚 犯罪,看不见的客人 Contratiempo,　　艾德里安（马里奥·卡萨斯MarioCasas饰）经营着一间科技公司，事业蒸蒸日上，家中有美丽贤惠的妻子和活泼可爱的女儿，事业家庭双丰收的他是旁人羡慕的对象。然而，野心勃勃的艾德里安并未珍惜眼前来之不易的生活，一直以来，他和一位名叫劳拉（芭芭拉·蓝妮BárbaraLennie饰）的女摄影师保持着肉体关系。,马里奥·卡萨斯 阿娜·瓦格纳 何塞·科罗纳多 巴巴拉·莱涅 弗兰塞斯克·奥雷利亚 帕科·图斯 大卫·塞尔瓦斯 伊尼戈·加斯特西 圣·耶拉莫斯 马内尔·杜维索 布兰卡·马丁内斯 佩雷·布拉索 霍尔迪·布鲁内特 鲍比·冈萨雷斯 玛蒂娜·乌尔塔多,奥里奥尔·保罗,2016,106分钟
剧情 情色 战争,西西里的美丽传说 Malèna,　　当我还只是十三岁时，1941年春末的那一天，我初次见到了她那一天，墨索里尼向英法宣战，而我，得到了生命里的第一辆脚踏车。,莫妮卡·贝鲁奇 朱塞佩·苏尔法罗 Luciano Federico Matilde Piana 埃丽萨·莫鲁奇,朱塞佩·托纳多雷,2000,109 分钟
动作 科幻,黑客帝国 The Matrix,　　不久的将来，网络黑客尼奥（基奴李维斯饰）对这个看似正常的现实世界产生了怀疑。他结识了黑客崔妮蒂（凯莉·安·摩丝饰），并见到了黑客组织的首领墨菲斯（劳伦斯·菲什伯恩饰）。墨菲斯告诉他，现实世界其实是由一个名叫“母体”的计算机人工智能系统控制，人们就像他们饲养的动物，没有自由和思想，而尼奥就是能够拯救人类的救世主。,基努·里维斯 凯瑞-安·莫斯 劳伦斯·菲什伯恩 雨果·维文 格洛丽亚·福斯特 乔·潘托里亚诺 马库斯·钟 朱利安·阿拉汗加 马特·多兰,"莉莉·沃卓斯基,拉娜·沃卓斯基",1999,136分钟
剧情 历史 战争,拯救大兵瑞恩 Saving Private Ryan,　　瑞恩（马特•达蒙MattDamon饰）是二战期间的美国伞兵，被困在了敌人后方。更不幸的是，他的三个兄弟全部在战争中死亡，如果他也遇难，家中的老母亲将无依无靠。,汤姆·汉克斯 汤姆·塞兹摩尔 爱德华·伯恩斯 巴里·佩珀 亚当·戈德堡 范·迪塞尔 吉奥瓦尼·瑞比西 杰瑞米·戴维斯 马特·达蒙 特德·丹森 保罗·吉亚玛提 丹尼斯·法里纳 马克斯·马蒂尼 丹兰·布鲁诺 安德鲁·斯科特,史蒂文·斯皮尔伯格,1998,169分钟
剧情 惊悚 犯罪,沉默的羔羊 The Silence of the Lambs,　　见习特工克拉丽斯（茱迪•福斯特JodieFoster饰）所在的城市发生了一系列专剥女性皮的命案。克拉丽斯奉命前去访问被收监的精神有问题的精神病学家汉尼拔博士（安东尼•霍普金斯AnthonyHopkins饰），以获取罪犯犯罪心理资料。汉尼拔要求克拉丽斯说出个人经历供他分析以换取他的协助。克拉丽斯的思维完全不是博士的对手，临阵败走了。,朱迪·福斯特 安东尼·霍普金斯 斯科特·格伦 安东尼·希尔德 布鲁克·史密斯 卡斯·莱蒙斯 弗兰基·费森 泰德·拉文 崔西·沃特 丹·巴特勒 达拉,乔纳森·戴米,1991,118分钟
剧情,入殓师 おくりびと,　　买了昂贵的大提琴，想要成就一番事业的小林大悟（本木雅弘饰），经历了4个月的管弦乐演奏，得到的却是“乐团解散”的噩耗与购买乐器的高昂债务。迫不得已，大悟与妻子美香（广末凉子饰）搬到老屋，过着清贫的日子。某日，一则广告吸引了大悟的注意：NK代理公司，帮助旅行，高薪短工时。大悟来到NK代理公司面试，社长佐佐木生荣（山崎努饰）二话不说就决定聘用大悟，但却对工作内容避而不谈。在大悟的再三追问下，佐佐木社长终于道明：是入殓（日语NouKan）工作！,本木雅弘 广末凉子 山崎努 吉行和子 笹野高史 余贵美子,泷田洋二郎,2008,130 分钟
剧情 科幻 悬疑 惊悚,蝴蝶效应 The Butterfly Effect,　　伊万（艾什顿·库奇AshtonKutcher饰）曾经有一个糟糕的童年，因为他行为闯下了大祸，令他童年充满不堪回忆的往事。而事实上，他确实只是依稀记得一点可怕的情景，这些情景一直纠缠着他的正常生活。伊万接受心理学家建议，把琐碎生活记在记事本里，却偶然发现通过记事本回到过去。,阿什顿·库彻 梅罗拉·沃特斯 艾米·斯马特 埃尔登·汉森 威廉姆·李·斯科特 约翰·帕特里克·阿梅多利 艾琳·戈洛瓦娅 凯文·G·施密特 杰西·詹姆斯 罗根·勒曼 莎拉·威多斯 杰克·凯斯 卡梅隆·布莱特 埃里克·斯托尔兹 考乐姆·吉斯·雷尼,"埃里克·布雷斯,J·麦基·格鲁伯",2004,113分钟
剧情 动画,玛丽和马克思 Mary and Max,　　1976年，8岁的玛丽·黛西·丁格尔（贝丝妮·惠特摩尔BethanyWhitmore配音）是澳大利亚墨尔本的一个小女孩，喜欢动画片“诺布利特”、甜炼乳和巧克力。玛丽的妈妈是个酒鬼，而在茶叶包装厂工作的父亲平日只喜欢制作鸟标本。孤独的玛丽没有朋友，某一天心血来潮给美国纽约市的马克思·杰瑞·霍罗威茨（菲利普·塞默·霍夫曼PhilipSeymourHoffman配音）写了一封信询问美国小孩从哪里来，并附上一根樱桃巧克力棒。44岁的马克思患有自闭症及肥胖，碰巧也喜欢看“诺布利特”动画片及吃巧克力。二人的笔友关系从1976年维持到1994年，期间各自经历了许多人生起伏，直到成年的玛丽（托妮·科莱特ToniCollette配音）终于来到纽约看望马克思……,托妮·科莱特 菲利普·塞默·霍夫曼 巴瑞·哈姆弗莱斯 艾瑞克·巴纳 贝塔尼·维特莫尔 蕾妮·盖耶 伊恩·莫利·梅尔德伦 克里斯托弗·马西 卡罗琳·莎士比亚-艾伦 琳恩·史密斯,亚当·艾略特,2009,92分钟
剧情 喜剧 动作 西部,让子弹飞,　　民国年间，花钱捐得县长的马邦德（葛优饰）携妻（刘嘉玲饰）及随从走马上任。途经南国某地，遭劫匪张麻子（姜文饰）一伙伏击，随从尽死，只夫妻二人侥幸活命。马为保命，谎称自己是县长的汤师爷。为汤师爷许下的财富所动，张麻子摇身一变化身县长，带着手下赶赴鹅城上任。有道是天高皇帝远，鹅城地处偏僻，一方霸主黄四郎（周润发饰）只手遮天，全然不将这个新来的县长放在眼里。张麻子痛打了黄的武教头（姜武饰），黄则设计害死张的义子小六（张默饰）。原本只想赚钱的马邦德，怎么也想不到竟会被卷入这场土匪和恶霸的角力之中。鹅城上空愁云密布，血雨腥风在所难免……,姜文 葛优 周润发 刘嘉玲 陈坤 张默 姜武 周韵 廖凡 姚橹 邵兵 苗圃 冯小刚 胡军 马珂 白冰 杜奕衡 李静 胡明 危笑 杨奇雨 赵铭,姜文,2010,132分钟
剧情 爱情 同性,春光乍泄 春光乍洩,　　黎耀辉（梁朝伟）与何宝荣（张国荣）是一对同性恋人，为了有新的开始，他们怀着美丽的梦想（去看南美洲大瀑布）离开香港来到阿根廷，却在布宜诺斯艾利斯迷了路。黎耀辉想安下心来过日子，无奈何宝荣于夜夜笙歌中放纵着自己的生命，以期找寻更多的刺激，只当黎耀辉是他受伤后的港湾，两人分歧、争吵越来越多，心的距离越来越远。,张国荣 梁朝伟 张震,王家卫,1997,96分钟
动画 奇幻,大闹天宫,　　话说在东土傲来国有一座花果山，山上有一尊石猴吸收日精月华化身为一只神猴（邱岳峰音），统领着山中的猴子猴孙。为求得一件称心的宝贝，神猴孙大圣潜入龙宫，强硬求来大禹治水时的定海神针如意金箍棒。东海龙王（毕克音）心有不甘，于是上天将此事诉诸玉帝（富润生音）。玉皇大帝命令太白金星（尚华音）下界招安，许以爵位。不知有诈的孙大圣欣然前往，却发现只是负责养马的弼马温。得知受骗的猴王反下天庭，与天兵天将在花果山展开大战……,邱岳峰 富润生 毕克 尚华 于鼎 李梓 刘广宁,"万籁鸣,唐澄",1961,114分钟
剧情,心灵捕手 Good Will Hunting,　　麻省理工学院的数学教授蓝波在席上公布了一道困难的数学题，却被年轻的清洁工威尔（马特·戴蒙饰）解了出来。可是威尔却是个问题少年，成天和好朋友查克（本·阿弗莱特饰）等人四处闲逛，打架滋事。当蓝波找到这个天才的时候，他正因为打架袭警被法庭宣判送进看守所。蓝波向法官求情保释，才使他免于牢狱之灾。,马特·达蒙 罗宾·威廉姆斯 本·阿弗莱克 斯特兰·斯卡斯加德 明妮·德里弗 卡西·阿弗莱克 科尔·豪瑟 John Mighton Rachel Majorowski Colleen McCauley Matt Mercier Ralph St. George Rob Lynds Dan Washington Alison Folland,格斯·范·桑特,1997,126 分钟
动作 爱情 动画 战争 奇幻 冒险,幽灵公主 もののけ姫,　　为了拯救危难中的村民，阿斯达卡的右手中了凶煞神的诅咒。他卡只好离开亲人往西方流浪以寻找解除诅咒的方法。旅途中他遇到了由幻姬大人带领的穷苦村民在麒麟兽的森林里开采铁矿，提炼矿石。,松田洋治 石田百合子 田中裕子 小林薰 西村雅彦 上条恒彦 岛本须美 渡边哲 佐藤允 名古屋章 美轮明宏 森光子 森繁久弥,宫崎骏,1997,134分钟
剧情,阳光灿烂的日子,　　20世纪70年代初的北京，忙着“闹革命”大人无空理会小孩，加上学校停课无事可做，以军队大院男孩为突出代表的少年人便自找乐子，靠起哄、打架、闹事、拍婆子等方式挥霍过量的荷尔蒙。马小军（夏雨饰）就是这样的少年，他的嗜好之一是趁别人家无人用万能钥匙将其锁打开，溜进去耍玩一番，正是用这样的方式，少女米兰（宁静饰）的照片先于其人入了马小军的双眼。通过院里的“头儿”刘忆苦（耿乐饰），马小军又见到之前在炮局偶然瞥见过一眼的米兰，开始正式将其当作梦中情人，然而在米兰眼中，马小军不过是毛孩一个，她中意的人是成熟、稳重、帅气的刘忆苦。自此，马小军迎来五味混杂的青春期生活。,夏雨 宁静 陶虹 耿乐 斯琴高娃 冯小刚 刘小宁 姜文 王学圻 王朔 尚楠 方化 代少波 王海 姚二嘎 吴淑昆 左小青 韩冬 孙靖 刘斌 张维 杨彤林 王海 王福 胡贝贝 高保成 吴淑琨 张华 二勇 烈子 陈伟,姜文,1994,134分钟(中国大陆)
剧情 悬疑 惊悚,第六感 The Sixth Sense,　　麦克（布鲁斯·威利斯饰）是著名儿童心理学家，却也有始终未能治愈的患者，甚至因此遭到枪击，这名少年随后也饮枪自毙。这给麦克带来很大心理阴影，一年后他找到另一个症状很像这名患者的男孩柯尔（海利·乔·奥斯蒙饰），并耐心的做起了他的医生。柯尔并不容易接近，但麦克还是慢慢赢得了他的信任，得知了柯尔的秘密。原来柯尔有着灵异的第六感，可以看到鬼魂。虽然这令人感到难以置信，但麦克在证实了事情的真相后还是帮助柯尔接受了这个事实。,布鲁斯·威利斯 海利·乔·奥斯蒙 托妮·科莱特 奥莉维亚·威廉姆斯 唐尼·沃尔伯格 特拉沃·摩根 彼得·安东尼·唐伯蒂斯 格伦·菲茨杰拉德 米莎·巴顿 Lisa Summerour 法尔德斯·巴姆 杰弗里·泽布尼斯,M·奈特·沙马兰,1999,107分钟
剧情 传记 历史,末代皇帝 The Last Emperor,　　溥仪（尊龙饰）的一生在电影中娓娓道来。他从三岁起登基，年幼的眼光中只有大臣身上的一只蝈蝈，江山在他心中只是一个不明所以的名词。长大了，他以为可以变革，却被太监一把烧了朝廷账本。他以为是大清江山的主人，却做了日本人的傀儡。,尊龙 陈冲 彼得·奥图尔 英若诚 黄自强 丹尼斯·邓恩 坂本龙一 马吉·汉 里克·扬 邬君梅 田川洋行 苟杰德 理查德·吴 皱缇格 陈凯歌 吴涛 卢燕 亨利·欧 陈述 樊光耀 鲍皓昕 黄文捷 邵茹贞 亨利·基 张良斌 梁冬 康斯坦丁·格雷戈里 黄汉琪 王涛 宋怀桂,贝纳尔多·贝托鲁奇,1987,163分钟
剧情 爱情,重庆森林 重慶森林,　　编号为223的警察（金城武）失恋后患上失恋综合症，在与金发女杀手（林青霞）擦肩而过又离奇相遇并有了一晚温情后，原本以为包括“爱情”在内的所有东西都有保质期的他意外地迎来心灵的短暂温暖。可是，他们的爱情还是结束了。,林青霞 金城武 梁朝伟 王菲 周嘉玲,王家卫,1994,102分钟
剧情 悬疑 惊悚,禁闭岛 Shutter Island,　　本片根据美国小说家丹尼斯·勒翰（DennisLehane）的同名小说改编。1954年，联邦警官泰迪（莱昂纳多·迪卡普里奥LeonardoDiCaprio饰）和搭档查克（马克·鲁弗洛MarkRuffalo饰）乘船来到波士顿附近的禁闭岛精神病犯监狱调查一桩离奇失踪案。手刃亲生骨肉的女犯蕾切尔（艾米莉·莫迪默EmilyMortimer饰）从戒备森严的牢室神秘逃脱，藏匿于孤岛深处。泰迪怀疑监狱的主治精神病医师约翰·考利（本·金斯利BenKingsley饰）有意隐瞒内情，并向查克透露他上岛的真实目的其实是寻找当年纵火烧死他妻子德洛丽丝（米歇尔·威廉姆斯MichelleWilliams饰）的管理员，并揭露美国政府利用精神病犯人进行人体科学实验的罪行。但随着调查的逐渐深入，真相却变得越来越扑朔迷离……,莱昂纳多·迪卡普里奥 马克·鲁弗洛 本·金斯利 马克斯·冯·叙多夫 米歇尔·威廉姆斯 艾米莉·莫迪默 派翠西娅·克拉克森 杰基·厄尔·哈利 泰德·拉文 约翰·卡洛·林奇 伊莱亚斯·科泰斯 罗宾·巴特利特 克里斯托弗·邓汉 约瑟夫·斯科拉,马丁·斯科塞斯,2010,138 分钟
剧情 家庭 奇幻 冒险,大鱼 Big Fish,　　爱德华（伊万·麦克格雷格EwanMcGregor饰）生性热爱自由，成年之后，他选择离开家乡，踏上了环游世界的旅程。一路上，爱德华遇见了各种各样稀奇古怪的角色，经历了无数精彩绝伦的的冒险，而他日后最大的兴趣，就是向他人喋喋不休的重复讲述他的这一段奇幻旅程。,伊万·麦克格雷格 阿尔伯特·芬尼 比利·克鲁德普 杰西卡·兰格 海伦娜·伯翰·卡特 艾莉森·洛曼 罗伯特·吉尔劳姆 玛丽昂·歌迪亚 马修·麦克格罗里 大卫·丹曼 米西·派勒 卢顿·万恩怀特三世 艾达·泰 艾伦妮·泰 史蒂夫·布西密 丹尼·德维托 迪普·罗伊 海利·安妮·内尔森,蒂姆·波顿,2003,125 分钟
剧情,狩猎 Jagten,　　刚刚和妻子离婚的卢卡斯（麦斯·米科尔森MadsMikkelsen饰）目前在一家托儿所工作，心地善良个性温和的他很快就受到了同事和孩子们的喜爱，其中，一个名叫卡拉（安妮卡·韦德科普AnnikaWedderkopp饰）的早熟女孩对卢卡斯尤为的亲近。面对女孩幼稚而单纯的示好，卢卡斯只能婉转的拒绝，可令他没有想到的是，这一举动将他的生活推向了风口浪尖。,麦斯·米科尔森 托玛斯·博·拉森 安妮卡·韦德科普 拉塞·福格尔斯特伦 苏西·沃德 安妮·路易丝·哈辛 拉斯·兰特 亚历山德拉·拉帕波特,托马斯·温特伯格,2012,115分钟
剧情 喜剧,布达佩斯大饭店 The Grand Budapest Hotel,　　故事要从一位无名作家（裘德·洛JudeLaw饰）说起，为了专心创作，他来到了名为“布达佩斯”的饭店，在这里，作家遇见了饭店的主人穆斯塔法（F·莫里·亚伯拉罕F.MurrayAbraham饰），穆斯塔法邀请作家共进晚餐，席间，他向作家讲述了这座饱经风雨的大饭店的前世今生。,拉尔夫·费因斯 托尼·雷沃罗利 艾德里安·布洛迪 威廉·达福 裘德·洛 爱德华·诺顿 西尔莎·罗南 蒂尔达·斯文顿 比尔·默瑞 蕾雅·赛杜 欧文·威尔逊 詹森·舒瓦兹曼 马修·阿马立克 F·默里·亚伯拉罕 汤姆·威尔金森 杰夫·高布伦 哈威·凯特尔,韦斯·安德森,2014,99分钟
喜剧 古装,射雕英雄传之东成西就 射鵰英雄傳之東成西就,　　金轮国王妃（叶玉卿）与表哥欧阳锋（梁朝伟）有染，为霸占江山，他们毒死了国王，但没找到传国玉玺。得知玉玺在前往九宫山找寻其师父求助的三公主（林青霞）手里后，欧阳锋企图抢到手但没成功。糊涂国师（张曼玉）在淫威下屈服，查出三公主的具体下落，欧阳锋乘火箭金靴追赶，却误脱落一只插死刚出关的王重阳（钟镇涛），奄奄一息的王重阳恳求适逢路过的三公主找到其师弟周伯通（刘嘉玲）代为报仇。,梁朝伟 林青霞 张国荣 叶玉卿 张学友 王祖贤 张曼玉 梁家辉 刘嘉玲 钟镇涛 鲍起静,刘镇伟,1993,113分钟(香港)
剧情 爱情,甜蜜蜜,　　改革开放初期，黎小军（黎明饰）告别女友小婷（杨恭如饰）从天津（国语版中为无锡）来到香港讨生活，期望有天挣到大钱把小婷接来与之风风光光地成婚，没料想日子会比想象中的难熬许多。,黎明 张曼玉 杨恭如 曾志伟 杜可风 张同祖 诸慧荷 丁羽,陈可辛,1996,118分钟(中国大陆)
剧情 悬疑 惊悚,致命ID Identity,　　一个典型而又引人入胜的悬疑故事：一个汽车旅馆里，住进了10个人，他们中间有司机、妓女、过气女星、夫妇、警探和他的犯人，还有神秘的旅馆经理。这天风雨大作，通讯中断，10人被困在了旅馆里，惊悚的故事开始了。,约翰·库萨克 雷·利奥塔 阿曼达·皮特 阿尔弗雷德·莫里纳 克里·杜瓦尔,詹姆斯·曼高德,2003,90分钟
奇幻 冒险,哈利·波特与魔法石 Harry Potter and the Sorcerer's Stone,　　哈利波特是一个孤儿，从小寄养在姨妈家，受尽欺凌。但就在哈利11岁生日的时候，他意外收到了霍格沃茨学院的入学通知书。哈利从该学院派来接他的巨人海格口中得知，这是一间魔法学院，并得知了自己的身世，原来哈利的父母都是伟大的魔法师，在对付伏地魔的战斗中双双献身，唯有哈利幸免于难。,丹尼尔·雷德克里夫 艾玛·沃森 鲁伯特·格林特 艾伦·瑞克曼 玛吉·史密斯 汤姆·费尔顿 伊恩·哈特 理查德·哈里斯 约翰·赫特 罗彼·考特拉尼 朱丽·沃特斯 邦妮·怀特 约翰·克立斯 肖恩·比格斯代夫,克里斯·哥伦布,2001,152分钟
剧情 爱情 家庭,一一,　　NJ（吴念真）是个很有原则的生意人，同妻子敏敏（金燕玲）、女儿婷婷（李凯莉）、儿子洋洋（张杨洋）以及外婆住在台北某所普通公寓里。小舅子的一场麻烦婚礼过后，因为外婆突然中风昏迷，他迎来更加混乱的日子。,吴念真 李凯莉 金燕玲 张洋洋 萧淑慎 尾形一成 陈希圣 林孟瑾 陈以文 柯宇纶 张育邦 柯素云 唐如韫 徐淑媛 曾心怡 陶传正,杨德昌,2000,173分钟
剧情 喜剧,阳光姐妹淘 써니,　　25年前，高中生任娜美（沈恩京饰）一家从全罗道搬到汉城，娜美入读真德女子高中，因方言浓重怯于开口的娜美幸运的得到了同班大姐头夏春花（姜索拉饰）的维护，并与围绕在夏春花周围的执着于双眼皮的金玫瑰、满嘴脏话的黄珍熙、梦想成为作家的徐金玉、要成为韩国小姐的俞福姬以及沉默傲慢的美人郑秀智等五人结识。在一次和不良少女团对决之后，春花和娜美等七人组成了“Sunny”团体……,沈恩京 闵孝琳 姜素拉 南宝拉 陈熙京 金时厚 柳好贞 朴真珠 金宝美 千禹熙 李璟荣,姜炯哲,2011,124分钟
剧情 爱情 同性 家庭,断背山 Brokeback Mountain,　　美国怀俄明州的西部，沉默寡言的农夫恩尼斯（希斯•莱杰饰）和热情开朗的牛仔杰克（杰克•吉伦希尔饰)一道被派到山上牧羊，那里人迹罕至，他们只有与羊群为伴，生活单调无味。一个天寒地冻的夜晚，在酒精与荷尔蒙的作用下，他们做了“不该做的事情”，也就此他们在断背山上度过了人生中最美好的时光。,希斯·莱杰 杰克·吉伦哈尔 米歇尔·威廉姆斯 安妮·海瑟薇 凯特·玛拉 兰迪·奎德 琳达·卡德里尼 安娜·法瑞丝 格拉汉姆·贝克尔 斯科特·迈克尔·坎贝尔 大卫·哈伯 Roberta Maxwell 皮特·麦克罗比,李安,2005,134分钟
剧情 惊悚,告白,　　一所平凡的中学，1年B组即将迎来春假。不知天高地厚的学生们肆意吵闹，殊不知一场绵亘数月的风暴正向他们袭来。级任教师森口悠子（松隆子饰）全然无视这片混乱，静静地向学生们做出最后的告白。这个单亲妈妈独自抚养着可爱的女儿（芦田爱菜饰），然而女儿最终在游泳池中溺水身亡。警察认定这是一起意外，森口则认定女儿死于班上两个学生之手。她不动声色地指责着犯人A和B，并宣布用自己的方式进行复仇。在此之后，森口辞去教师职务，1年B班的学生也心怀惴惴迎来了春假。新学期开始，残酷的风暴袭向了这群无知无畏的少男少女……,松隆子 冈田将生 木村佳乃 西井幸人 桥本爱 芦田爱菜 三吉彩花 藤原薰 井之胁海 清水尚弥 高桥努 一井直树 能年玲奈 新井浩文 野本萤,中岛哲也,2010,106分钟
剧情 犯罪,上帝之城 Cidade de Deus,　　巴西里约热内卢的贫民窟，这里是“上帝之城”，更是魔鬼也会叹息着转身的地方。,亚历桑德雷·罗德里格斯 莱安德鲁·菲尔米诺 菲利佩·哈根森 道格拉斯·席尔瓦 乔纳森·哈根森 马修斯·纳克加勒 索·豪黑 艾莉丝·布拉加,"卡迪亚·兰德,费尔南多·梅里尔斯",2002,130分钟
剧情 传记 犯罪,猫鼠游戏 Catch Me If You Can,　　弗兰克（莱昂纳多·迪卡普里奥LeonardoDiCaprio饰）是FBI有史以来年龄最小的通缉犯。他的犯罪手段神通广大，伪装身份的能力超乎常人，全美各地几乎都留下他的犯罪足迹。乔装医生、律师、飞行员，统统都是他曾经的身份。当然，弗兰克凭着这个“本领”，骗取了高达几百万的金额。,莱昂纳多·迪卡普里奥 汤姆·汉克斯 克里斯托弗·沃肯 马丁·辛 艾米·亚当斯 詹妮弗·加纳 伊丽莎白·班克斯 纳塔莉·贝伊 詹姆斯·布洛林 艾伦·旁派 南希·利内翰 布莱恩·豪威  弗兰克·约翰·休斯 克里斯·埃里斯,史蒂文·斯皮尔伯格,2002,141 分钟
动作 奇幻 冒险,加勒比海盗 Pirates of the Caribbean: The Curse of the Black Pearl,"　　故事发生在17世纪，传说中海盗最为活跃的加勒比海。风趣迷人的杰克·斯伯洛（约翰尼·德普JohnnyDepp饰），是活跃在加勒比海上的海盗，拥有属于自己的“黑珍珠”号海盗船。对他来说，最惬意的生活就是驾驶着“黑珍珠”号在加勒比海上游荡，自由自在的打劫过往船只。但不幸的是，他的仇敌，老谋深算的巴尔巴罗萨船长(杰弗里·拉什GeoffreyRush饰)偷走了他的“黑珍珠”号。巴伯萨是一个无恶不作的坏蛋，他抢劫了杰克的""黑珍珠号""后，更加猖狂，在加勒比海上横行霸道，一时成为整个加勒比海的霸主。",约翰尼·德普 杰弗里·拉什 奥兰多·布鲁姆 凯拉·奈特莉 杰克·达文波特 乔纳森·普雷斯,戈尔·维宾斯基,2003,143 分钟
剧情 喜剧 爱情,摩登时代 Modern Times,　　二十年代的美国处于经济萧条时期，失业率居高不下，工人受尽压榨，成为了大机器生产中的一颗螺丝钉。查理（查理·卓别林CharlesChaplin饰）就是一个底层市民，他在一个机器隆隆的厂房里日以继夜地工作，以赚取微薄的收入。重复繁重的工作压得他喘不过气，他把人们的鼻子当成螺丝钉来拧，卷入流水线机器的皮带里，令人苦笑不得。,查理·卓别林 宝莲·高黛 亨利·伯格曼 Tiny Sandford 切斯特·康克林,查理·卓别林,1936,87 分钟
动作 科幻 冒险,阿凡达 Avatar,　　战斗中负伤而下身瘫痪的前海军战士杰克•萨利（萨姆•沃辛顿SamWorthington饰）决定替死去的同胞哥哥来到潘多拉星操纵格蕾丝博士（西格妮•韦弗SigourneyWeaver饰）用人类基因与当地纳美部族基因结合创造出的“阿凡达”混血生物。杰克的目的是打入纳美部落，外交说服他们自愿离开世代居住的家园，从而SecFor公司可砍伐殆尽该地区的原始森林，开采地下昂贵的“不可得”矿。在探索潘多拉星的过程中，杰克遇到了纳美部落的公主娜蒂瑞（佐伊•索尔达娜ZoeSaldana饰），向她学习了纳美人的生存技能与对待自然的态度。与此同时，SecFor公司的经理和军方代表上校迈尔斯（史蒂芬•朗StephenLang饰）逐渐丧失耐心，决定诉诸武力驱赶纳美人……,萨姆·沃辛顿 佐伊·索尔达娜 西格妮·韦弗 史蒂芬·朗 米歇尔·罗德里格兹 吉奥瓦尼·瑞比西 乔·大卫·摩尔  希·庞德 韦斯·斯塔迪 拉兹·阿隆索 迪利普·劳 马特·杰拉德,詹姆斯·卡梅隆,2009,162 分钟
剧情 战争,穿条纹睡衣的男孩 The Boy in the Striped Pajamas,　　八岁男孩布鲁诺（AsaButterfield饰）一家随着纳粹军官父亲的一纸调令，由柏林搬迁到了乡下。失去了朋友们的布鲁诺很快对新家附近的“农庄”产生了兴趣，那里有一群身穿“条纹睡衣”的人终日忙碌，并且其中一个为布鲁诺一家服务，他形容肮脏，态度慎微。周遭环境和布鲁诺的举止让母亲暗暗担忧，但纳粹父亲制止家中任何怀疑既定政策的行为。,阿萨·巴特菲尔德 维拉·法米加 大卫·休里斯 杰克·塞隆 鲁伯特·弗兰德 谢拉·汉考克 大卫·海曼 贝拉·费斯彼姆,马克·赫尔曼,2008,94 分钟
剧情 爱情,爱在黎明破晓前 Before Sunrise,　　美国青年杰西（伊桑·霍克EthanHawke饰）在火车上偶遇了法国女学生塞琳娜（朱莉·德尔佩JulieDelpy饰），两人在火车上交谈甚欢。当火车到达维也纳时，杰西盛情邀请塞琳娜一起在维也纳游览一番，即使杰西翌日便要坐飞机离开。与杰西一见钟情的塞琳娜接受了杰西的邀请。,伊桑·霍克 朱莉·德尔佩 安德莉亚·埃克特 汉诺·波西尔 Karl Bruckschwaiger,理查德·林克莱特,1995,101分钟
科幻 动画 奇幻 冒险,风之谷 風の谷のナウシカ,　　工业文明的高度发展，却最终带来灾难，一场为期7天的虫族毁灭战争摧毁了人类文明。一千年后，工业文明遗留下来的症结仍在困扰这个星球。带有强烈毒性的植物组成了令人望而却步的“腐海”森林，随着时间的推移，腐海有条不紊地向四周蔓延，蚕食周边世界。在一片腐海森林的旁边，居住着一群御风而行的人类。女主角娜乌茜卡和族人依靠海风的力量抵御着有毒孢子的侵蚀，过着平静祥和的生活。,岛本须美 松田洋治 榊原良子 辻村真人 京田尚子 纳谷悟郎 永井一郎 宫内幸平 八奈见乘儿 矢田稔 富永美伊奈 家弓家正 吉田理保子 菅谷政子 坂本千夏 鳕子 麦人 大塚芳忠,宫崎骏,1984,117分钟
剧情 爱情,爱在日落黄昏时 Before Sunset,　　九年前，杰西（伊桑·霍克EthanHawke饰）与席琳（朱莉·德尔佩JulieDelpy饰）在火车上不期而遇，怦然心动。在维也纳渡过疯狂而又浪漫的一夜后，他们在日出前分手，并相约在维也纳重逢。,伊桑·霍克 朱莉·德尔佩 弗农·多布切夫,理查德·林克莱特,2004,80 分钟
剧情 爱情 动画 音乐,侧耳倾听 耳をすませば,　　正在读初三的月岛滴滴是一个喜欢看书的女孩，她每次都能在借书卡上看到一个叫天泽圣司名字，因此她对这个人充满了好奇。,本名阳子 小林桂树 高山南 高桥一生 山下容莉枝 室井滋 露口茂 饭冢雅弓,近藤喜文,1995,111分钟
剧情,超脱 Detachment,　　亨利•巴赫特（艾德里安•布洛迪AdrienBrody饰）来到社区学校担任代课老师。学校因学生反叛、经营不善而濒临绝境，多丽丝（刘玉玲饰）为首的一批教师备受煎熬。亨利的第一堂课就遭遇了顽劣学生的挑衅，但是被他巧妙地化解。他赢得了女教师萨沙（克里斯蒂娜•亨德里克斯ChristinaHendricks）的好感。同时，他的教学方式引起了同学们的兴趣，其中就包括因肥胖而苦闷的梅丽迪斯。她一直默默地承受着因体重带来的各种责骂与嘲笑。但是因为老师，她似乎又找到了一切的理由……,艾德里安·布洛迪 马西娅·盖伊·哈登 詹姆斯·肯恩 克里斯蒂娜·亨德里克斯 刘玉玲 布莱思·丹纳 蒂姆·布雷克·尼尔森 威廉·彼德森 布莱恩·科兰斯顿 萨米·盖尔 Louis Zorich 小伊塞亚·维特洛克,托尼·凯耶,2011,97分钟
剧情 爱情 武侠 古装,倩女幽魂,　　书生宁采臣（张国荣饰）收账不成，无处可归，遂夜宿鬼寺兰若寺，遇上侠士燕赤霞（午马饰），二人成为邻居。一日偶遇艳女小倩（王祖贤饰），二人两情相悦，但小倩乃是被树妖姥姥控制的鬼魂，专门迷惑精壮男子代姥姥吸取阳气。小倩见宁采臣心地善良不忍加害，并与他感情逐渐加深。宁采臣欲救小倩脱离姥姥魔掌，但苦于姥姥功力深厚，小倩无法脱离其魔掌。二人遂向燕赤霞求救......,张国荣 王祖贤 午马 刘兆铭 林威 薛芷伦 胡大为 王晶,程小东,1987,98分钟(香港)
科幻 动画 悬疑 惊悚,红辣椒 パプリカ,　　近未来，为了治疗现代人类越来越多、越来越严重的精神疾病，位于东京的精神医疗综合研究所开发出一种可以反映他人梦境的机器。通过微型DC的帮助，梦境在显示器上呈现出来，更方便找到一个人焦虑的症结。,林原惠美 古谷彻 江守彻 山寺宏一 堀胜之祐 大塚明夫 岩田光央 田中秀幸,今敏,2006,90 分钟
剧情 动画 战争,萤火虫之墓 火垂るの墓,　　美日战争爆发，14岁的清太带着年幼的妹妹到处逃命，当他们到达防空洞的时候，母亲已身受重伤，没过多久便不久人世。两兄妹自此过着相依为命的日子。他们只好投靠了母亲的姐妹，纵使他们把家里所有的家当都送给了阿姨，但当食物吃完，他们就越感到了寄人篱下的感觉，清太决定带着妹妹离开独自生活。火灾硝烟中的生活并不好过，清太为了妹妹四处偷取食物，但妹妹还是严重营养不良……,辰己努 白石绫乃 志乃原良子 山口朱美 端田宏三,高畑勋,1988,89 分钟
剧情 悬疑 惊悚 犯罪,消失的爱人 Gone Girl,　　结婚五周年纪念日的早上，尼克·邓恩（本·阿弗莱克BenAffleck饰）来到妹妹玛戈（凯莉·库恩CarrieCoon饰）的酒吧，咒骂抱怨那个曾经彼此恩爱缠绵的妻子艾米（罗莎蒙德·派克RosamundPike饰）以及全然看不见希望的婚姻。当他返回家中时，却发现客厅留下了暴行的痕迹，而妻子竟不见了踪影。女探员朗达·邦妮（金·迪肯斯KimDickens饰）接到报案后赶来调查，而现场留下的种种蛛丝马迹似乎昭示着这并非是一件寻常的失踪案，其背后或许隐藏着裂变于夫妻之情的谋杀罪行。艾米的失踪通过媒体大肆渲染和妄加揣测很快闻名全国，品行不端的尼克被推上风口浪尖，至今不见踪影的爱人对他进行无情审判，你侬我侬的甜言蜜语早已化作以血洗血的复仇与折磨……,本·阿弗莱克 裴淳华 尼尔·帕特里克·哈里斯 凯莉·库恩 泰勒·派瑞 金·迪肯斯 米西·派勒 波伊德·霍布鲁克 艾米丽·拉塔科斯基 雪拉·渥德 派屈克·福吉特 斯科特·麦克纳里 凯西·威尔逊 李·诺里斯,大卫·芬奇,2014,149分钟
剧情 悬疑 犯罪,恐怖直播 더 테러 라이브,　　韩国首尔某个平凡的早上，广播电台DailyTopic节目的主持人尹英华（河正宇饰）正就税率改革与听众进行连线，这时一个自称住在首尔昌信洞的普通工人朴鲁圭打入电话，大肆抱怨超高的电费和相关部门对他的威胁。尹英华颇不耐烦，以偏离主题为由强行切断电话。谁知连线无法单方面由电台方面中断，愤怒的朴鲁圭继续抱怨，并扬言炸掉汉江大桥。尹英华不以为然，进而怂恿对方想做就做，谁知话音刚落，窗外的麻浦大桥便炸作废墟。大惊失色的尹英华很快冷静下来，他决定利用这次难得的机会打一次事业的翻身仗。,河正宇 李璟荣 全慧珍 李大为,金秉祐,2013,97分钟
剧情 喜剧,菊次郎的夏天 菊次郎の夏,　　暑假到来，自幼丧父的小学三年级学生正男（关口雄介饰），如今和奶奶生活在一起，暑假特别无聊。他拿出母亲从外地寄回的信，准备自己一个人去爱知县丰桥市看望母亲。,北野武 关口雄介 岸本加世子 グレート義太夫 井手博士 磨赤儿 大家由祐子 细川典江 今村鼠 田中要次,北野武,1999,121 分钟
喜剧 动画 家庭 奇幻 冒险,驯龙高手 How to Train Your Dragon,　　维京岛国的少年小嗝嗝（杰伊•巴鲁切尔JayBaruchel配音）是部落统领伟大的斯托里克（杰拉德·巴特勒GerardButler配音）的儿子，他非常想像自己的父亲一样亲手屠龙——这些飞龙是岛上维京人放牧羊群的主要天敌——但他每次出现在部落屠龙的战斗中都只给大家徒增烦恼。在一次对抗飞龙的战斗中，希卡普偷偷用射龙器击伤了一只最神秘的“夜之怒龙”，并背着族人放生、豢养，甚至驯服了这只龙，还给它起名“无牙”。希卡普的神秘行径引起了一同训练屠龙技巧的女孩阿斯特丽德（亚美莉卡·费雷拉AmericaFerrera配音）的怀疑。阿斯特丽德发现了希卡普的秘密，却同时被身骑“无牙”御风而飞的美妙体验所震撼。格雷决定在屠龙成人礼上向远征归来的斯托里克和族人讲明真相，说服大家放弃屠龙，却偏偏弄巧成拙，害得“无牙”被俘，一场更大的灾难就在眼前……,杰伊·巴鲁切尔 杰拉德·巴特勒 克雷格·费格森 亚美莉卡·费雷拉 乔纳·希尔 克里斯托夫·梅兹-普莱瑟 T·J·米勒 克里斯汀·韦格 罗宾·阿特金·唐斯 菲利普·麦格雷德 基隆·埃利奥特 阿什利·詹森 大卫·田纳特,"迪恩·德布洛斯,克里斯·桑德斯",2010,98分钟
剧情 喜剧 爱情,幸福终点站 The Terminal,　　为了完成父亲的心愿，维克多（汤姆•汉克斯TomHanks饰）从故国乘坐飞机前往美国肯尼迪机场，但戏剧性的事情发生了：他被告知祖国发生政变，而他的身份证护照一一失效，同时他的签证也无法再使用。进退两难的维克多只有在机场滞留，等待新证件的办理。,汤姆·汉克斯 凯瑟琳·泽塔-琼斯 斯坦利·图齐 齐·麦克布赖德 迭戈·卢纳 巴里·沙巴卡·亨利 库玛·帕拉纳 佐伊·索尔达娜 Eddie Jones 祖德·塞克利拉 科瑞·雷诺兹 古列雷莫·迪亚兹 Rini Bell 瓦列里·尼古拉耶夫 迈克尔·诺里,史蒂文·斯皮尔伯格,2004,128 分钟
剧情 家庭,岁月神偷 歲月神偷,　　60年代的香港，风云变幻。一面要忍受港英政府的压制，一面又受到内地运动的波及，更要面对不时登陆的台风暴雨。老字号的永利街就处在这样一个风暴的旋涡中心。,吴君如 任达华 钟绍图 李治廷 蔡颖恩 秦沛 夏萍 谷德昭 许鞍华 张同祖 庄域飞 威廉希路 李健兴 林耀祺 廖爱玲 张翼东 钱耀荣 谭瓒强 陈庆航 黎祥荣,罗启锐,2010,117分钟
喜剧 动画 冒险,神偷奶爸 Despicable Me,　　超级坏蛋格鲁（史蒂夫·卡瑞尔SteveCarell配音）在听说埃及金字塔被盗的新闻后不满市面上新贼辈出，决定在纳法利欧博士（拉塞尔·布兰德RussellBrand配音）的帮助下建造火箭升空盗取月亮。在向坏蛋银行贷款的过程中，格鲁盗取的收缩射线枪被新贼维克托（杰森·席格尔JasonSegel配音）抢走。为了夺回收缩射线枪，格鲁决定领养三位孤儿——玛戈（米兰达·卡斯格拉夫MirandaCosgrove配音）、伊迪丝（达娜·盖伊DanaGaier配音）和阿格蕾丝（埃尔希·费舍ElsieFisher配音），利用她们进入维克托的城堡兜售饼干的机会实施偷盗，计划成功后再偷偷处理掉三个小孩。然而在平凡的日常相处中，格鲁却发现自己越来越离不开这三个小鬼，但这样的感情用事却将严重影响周密的盗月计划……,史蒂夫·卡瑞尔 杰森·席格尔 拉塞尔·布兰德 朱莉·安德鲁斯 威尔·阿奈特 克里斯汀·韦格 米兰达·卡斯格拉夫 达纳·盖尔 艾尔西·费舍尔 皮埃尔·柯芬 克里斯·雷纳德 杰梅奈·克莱门特 杰克·麦克布瑞尔 丹尼·麦克布莱德 敏迪·卡灵 罗布·许贝尔 肯·道里欧 郑肯,"皮埃尔·柯芬,克里斯·雷纳德",2010,95分钟
剧情 动作 冒险,七武士 七人の侍,　　日本战国时代，一小山村面临着山贼的威胁，为了保护秋天的收成，村中长老决定让去请武士来保护村子安全，但只能拿出的报酬是一天三顿的白米饭。在城里，他们遭到了武士白眼甚至被打。直到勘兵卫（志村乔饰）的出现，他现今已沦为浪人，几经考虑最后答应了。他对农民说至少需要七名武士，于是久藏（宫口精二饰）、胜四郎（木村功饰）、五郎（稻叶义男饰）、七郎（加东大介饰）、平八（千秋实饰）和菊千代（三船敏郎饰）等六人也加入了队伍，七个人肩负保卫村子的任务。,三船敏郎 志村乔 稻叶义男 宫口精二 千秋实 加东大介 木村功,黑泽明,1954,160分钟(国际版)
动画 奇幻 冒险,借东西的小人阿莉埃蒂 借りぐらしのアリエッティ,　　虽然患有心脏方面的疾病，但是少年翔（神木隆之介配音）的父母依然对他疏于呵护。为了准备即将到来的手术，翔来到了位于偏远乡间的姨婆（竹下景子配音）家静养。姨婆家位于一片幽静的丛林中，这是一幢有着上百年历史的欧式别墅。这里除了生活着姨婆和女佣阿春（树木希林配音）外，还有一个奇特的三口之家，“借东西一族”——小人阿莉埃蒂（志田未来配音）和她的爸爸（三浦友和配音）妈妈（大竹忍配音），他们生活在别墅的地板下，只有几公分高，过着不为人类察觉的生活。遇到所需的日常用品时，便会在夜深人静之时偷偷潜入厨房借出来。翔无疑中瞥见阿莉埃蒂的身影，他有心接近这些传说中的小人，却不知不觉打扰了他们的生活……,志田未来 神木隆之介 树木希林 三浦友和 大竹忍 竹下景子 藤原龙也,米林宏昌,2010,94分钟
剧情,小森林 夏秋篇 リトル・フォレスト 夏・秋,　　平凡女孩市子（桥本爱饰）自幼生长在位于日本东北地区的村庄小森。这里远离都市的喧嚣和浮躁，为青山绿水所环绕，俨然一个幽静怡然的世外桃源。村民们日出而作，日落而息，依靠一双勤劳的双手经营渺小却舒适的生活，与世无争。市子曾经前往东京闯荡，只不过她终究无法适应都市快节奏的步伐，最终回到了妈妈早已不在的老宅。童年时妈妈福子利用山川田野各种食材做出胡乱命名的美食，实心眼的市子在感叹受骗之余，也将美好的回忆留在了味蕾深处。仿佛遵循着母亲的步伐，她将对故乡的热爱融入了美食的烹制中。在朋友佑太（三浦贵大饰）和吉子（松冈茉优饰）的环绕下，享受着无忧无虑的人生……,桥本爱 三浦贵大 松冈茉优 温水洋一 桐岛加恋,森淳一,2014,111分钟
纪录片,海洋 Océans,　　《海洋》耗时五年，耗资5000万欧元，动用12个摄制组、70艘船，在全球50个拍摄地，有超过100个物种被拍摄，超过500小时的海底世界及海洋相关素材，是史上投资最大的纪录片。,皮尔斯·布鲁斯南 雅克·贝汉 姜文 宫泽理惠,"雅克·贝汉, 雅克·克鲁奥德",2009,104分钟(法国)
剧情 喜剧 爱情,喜剧之王 喜劇之王,　　尹天仇（周星驰饰）一直醉心戏剧，想成为一名演员，平时除了做跑龙套以外，还会在街坊福利会里开设演员训练班。此时舞小姐柳飘飘在妈妈桑的带领下来到这里要求学做戏，原来柳飘飘有一段非常不愉快的经历，在尹天仇对她指导的过程中，柳飘飘对尹天仇渐生情愫，同时她也成为了夜总会里当红的小姐。尹天仇受到了极多白眼之后，终于得到了大明星鹃姐（莫文蔚饰）的赏识，提携他担演新戏中的男主角，但没想到突然把他的角色换掉了，令他失望不已。在片场当场务的卧底警员（吴孟达饰）身份被识穿，尹天仇阴差阳错的帮忙破了案。之后尹天仇继续活跃在街坊福利会的演员训练班里。,周星驰 张柏芝 莫文蔚 吴孟达 林子善 田启文 李兆基 成龙 李思捷 郑文辉,"周星驰,李力持",1999,85分钟
剧情 喜剧 爱情,真爱至上 Love Actually,　　这是一出10个爱情故事窜成的喜剧杂烩：,休·格兰特 科林·费尔斯 艾玛·汤普森 凯拉·奈特莉 连姆·尼森 托马斯·布罗迪-桑斯特 比尔·奈伊 马丁·弗瑞曼 劳拉·琳妮 艾伦·瑞克曼 克里斯·马歇尔 罗德里戈·桑托罗 罗温·艾金森 比利·鲍伯·松顿 玛汀·麦古基安 安德鲁·林肯 露西娅·莫尼斯 海克·玛卡琪,理查德·柯蒂斯,2003,135 分钟
动作 悬疑 惊悚,谍影重重3 The Bourne Ultimatum,　　失去了心爱的女人，波恩（马特•戴蒙饰）面临更为艰难的日子，他努力回忆，却只能在睡梦中被脑海里一知半解的闪回所惊醒，依然无法记起自己的身份。,马特·达蒙 朱丽娅·斯蒂尔斯 大卫·斯特雷泽恩 斯科特·格伦 帕迪·康斯戴恩 埃德加·拉米雷兹 阿尔伯特·芬尼 琼·艾伦 Tom Gallop 克里·约翰逊 丹尼尔·布鲁尔 乔伊·安沙 科林·斯廷顿 丹·弗雷登堡 Lucy Liemann,保罗·格林格拉斯,2007,115分钟
剧情 爱情,贫民窟的百万富翁 Slumdog Millionaire,　　2006年，印度孟买。,戴夫·帕特尔 沙鲁巴·舒克拉 亚尼·卡普 Rajendranath Zutshi 吉尼瓦·塔瓦尔 芙蕾达·平托 伊尔凡·可汗 Azharuddin Mohammed Ismail 阿什·马赫什·舍德卡 马赫什·曼杰瑞卡 麦活·米泰尔,"丹尼·博伊尔,洛芙琳·坦丹",2008,120 分钟
剧情,雨人 Rain Man,　　查理（汤姆•克鲁斯TomCruise饰）父亲去世，留下了300万美元的遗产。然而令他意外的是，遗产全部给了一个他不认识的哥哥雷蒙（达斯汀•霍夫曼DustinHoffman饰）。雷蒙的名字查理从没听过，这个事件让他气愤不已。他决定前去寻找哥哥。谁知雷蒙的住处就在一个精神病院里，原来他自幼患有自闭症，母亲去世后就被送到精神病院治疗。查理心中有了计算，他把雷蒙带出精神病院，企图骗他出让遗产。,达斯汀·霍夫曼 汤姆·克鲁斯 瓦莱丽亚·戈利诺 邦尼·亨特,巴瑞·莱文森,1988,133分钟
剧情 悬疑 惊悚 犯罪,记忆碎片 Memento,　　当记忆支离破碎后，你该怎样面对生活？本片的主人公就遭遇了这样的事情。,盖·皮尔斯 凯瑞-安·莫斯 乔·潘托里亚诺 小马克·布恩 拉什·费加 乔雅·福克斯 斯蒂芬·托布罗斯基 哈里特·桑塞姆·哈里斯 托马斯·列农 考乐姆·吉斯·雷尼 金伯利·坎贝尔 玛丽安妮·穆勒雷尔 拉里·霍尔登,克里斯托弗·诺兰,2000,113分钟
剧情 动作 爱情 武侠 古装,东邪西毒 東邪西毒,　　在恋人（张曼玉）负气嫁给兄长的当晚，欧阳锋（张国荣）黯然离开白陀山，走进沙漠某个小镇，成为一名杀手中介人。他的朋友、风流剑客黄药师（梁家辉）每年都来小镇与他畅饮，酒话里有关白陀山的消息令他忘却往事的念想渐次演变成自欺行为。,张国荣 张曼玉 梁朝伟 林青霞 张学友 梁家辉 杨采妮 刘嘉玲 邹兆龙 王祖贤,王家卫,1994,100分钟
剧情 喜剧 爱情 同性 家庭,喜宴 囍宴,　　伟同（赵文瑄）是事业有成的男同志，与男友赛门（MitchellLichtenstein）在美国过着幸福的同居日子，烦恼来自要用各种招数应对远在台北的父（郎雄）母（归亚蕾）的一次次逼婚。伟同被逼以“乖乖仔”形象修书一封声称会在美国结婚，没料父母想亲眼见证。无奈，他只得拉上来自上海的不得志的女艺术家葳葳（金素梅）“假婚”，想逃过一劫。,赵文瑄 郎雄 归亚蕾 金素梅 米切尔·利希藤斯坦,李安,1993,108分钟
喜剧 动画 儿童 奇幻,"怪兽电力公司 Monsters, Inc.",　　我们不知道，在那样的世界里住着那样一群怪物。他们长相滑稽，却必须装作狰狞。因为，在夜深的时候，他们要悄悄的出现在孩子的衣橱里，吓唬刚刚甜美睡去的宝宝。一切，只因为他们是怪物电力公司的员工，而孩子的尖叫，则是怪物王国发电的全部能量。怪物们害怕孩子，却又必须让孩子尖叫。在怪物的国度里，他们都是为全民造福的英雄。,约翰·古德曼 比利·克里斯托 玛丽·吉布斯 史蒂夫·布西密 詹姆斯·柯本 詹妮弗·提莉 鲍勃·彼德森 约翰·拉岑贝格 弗兰克·奥兹 丹尼尔·吉尔森 邦尼·亨特 杰克·安杰尔 Samuel Lord Black Steve Susskind,"彼特·道格特,大卫·斯沃曼,李·昂克里奇",2001,92 分钟
喜剧 动画 冒险,疯狂原始人 The Croods,　　原始人咕噜一家六口在老爸Grug（尼古拉斯·凯奇NicolasCage配音）的庇护下生活。每天抢夺鸵鸟蛋为食，躲避野兽的追击，每晚听老爸叙述同一个故事，在山洞里过着一成不变的生活。大女儿Eep（艾玛·斯通EmmaStone配音）是一个和老爸性格截然相反的充满好奇心的女孩，她不满足一辈子留在这个小山洞里，一心想要追逐山洞外面的新奇世界。,尼古拉斯·凯奇 艾玛·斯通 瑞安·雷诺兹 凯瑟琳·基纳 克萝丽丝·利奇曼 克拉克·杜克 克里斯·桑德斯 兰迪·汤姆,"柯克·德·米科,克里斯·桑德斯",2013,98分钟
剧情 惊悚,黑天鹅 Black Swan,　　纽约剧团要重排《天鹅湖》，因前领舞Beth（薇诺娜•赖德WinonaRyder饰）离去，总监Thomas（文森特•卡索尔VincentCassel.饰）决定海选新领舞，且要求领舞要分饰黑天鹅与白天鹅。Nina（娜塔莉•波特曼NataliePortman饰）自幼练习芭蕾舞，在母亲的细心关照下，技艺出众。这次，她希望可以脱颖而出。然而，在竞争中，她发现心机颇重的Lily（米拉•库妮丝MilaKunis饰）是自己的强劲对手。在选拔中，她的白天鹅表演的无可挑剔，但是黑天鹅不及Lily。她感到身心俱疲，回家还发现了背部的红斑与脚伤。她一个人找到总监，希望争取一下。总监趁机亲吻她，却被她强硬拒绝。结果，总监居然选了她。队友怀疑她靠色相上位。在酒会上，Beth甚至当众发泄。这种压力外加伤病，一直影响着她的发挥。总监启发她要释放激情，表现出黑天...,娜塔莉·波特曼 米拉·库尼斯 文森特·卡索 芭芭拉·赫希 薇诺娜·瑞德 本杰明·米派德 克塞尼亚·索罗 克里斯汀娜·安娜波 詹妮特·蒙哥马利 塞巴斯蒂安·斯坦 托比·海明威 塞尔吉奥·托拉多 马克·马戈利斯 蒂娜·斯隆 亚伯拉罕·阿罗诺夫斯基 夏洛特·阿罗诺夫斯基 玛西娅·让·库尔茨 肖恩·奥哈根 克里斯托弗·加廷 黛博拉·奥夫纳 斯坦利·B·赫尔曼 库尔特·弗勒曼 帕特里克·赫辛格 莎拉·海伊,达伦·阿伦诺夫斯基,2010,108分钟
剧情 爱情 家庭 西部,燃情岁月 Legends of the Fall,　　辽阔的西部草原住着一位父亲和他的三个儿子——父亲是退了休的骑兵上校，三个儿子个性鲜明：大儿子艾尔弗莱德（艾丹•奎因AidanQuinn饰）忠厚老实，二儿子特里斯坦（布拉德•皮特BradPitt饰）狂放不羁，最小的儿子塞缪尔（亨瑞•托马斯HenryThomas饰）温文尔雅。,安东尼·霍普金斯 布拉德·皮特 朱莉娅·奥蒙德 艾丹·奎因 卡琳娜·隆巴德 亨利·托马斯,爱德华·兹威克,1994,133分钟
动作 犯罪,英雄本色,　　香港某个国际伪钞集团重要分子宋子豪（狄龙饰）和Mark（周润发饰）情同手足，某次宋子豪带手下谭成（李子雄饰）去台北交易时被其出卖受枪伤被捕入狱，为替好兄弟报仇，Mark孤身赴台，结果被人打成瘸子，江湖地位自此一落千丈，而宋子豪的父亲也在不久丧命。一向视宋子豪为偶像的宋子杰（张国荣饰）得知哥哥的真实身份后，对黑社会及他恨之入骨，立誓利用警察身份将黑帮势力斩草除根，宋子豪出狱后不顾苦等他想重创辉煌的Mark的劝阻，决心弃暗投明，无奈得不到宋子杰的谅解。而此时已成帮会老大的谭成欲找宋子豪再合作，遭拒绝后放言会害宋子杰，被逼走投无路，宋子豪决定再与Mark连手共抗强敌。,周润发 狄龙 张国荣 朱宝意 李子雄 田丰 吴宇森 曾江 成奎安 徐克 陈志辉,吴宇森,1986,95分钟
喜剧 战争,虎口脱险 La grande vadrouille,　　二战期间，英国一架飞机在执行轰炸任务中，被德军击中，几名英国士兵被迫跳伞逃生。他们约好在土耳其浴室见面，并用这次行动的代号“鸳鸯茶”作为接头暗号。,路易·德·菲耐斯 布尔维尔 克劳迪奥·布鲁克 安德丽·帕里西 科莱特·布罗塞 迈克·马歇尔 玛丽·马凯 皮埃尔·贝尔坦 本诺·施特岑巴赫 玛丽·杜布瓦 特里-托马斯 西戈德·拉普 赖因哈德·科尔德霍夫 赫尔穆特·施奈德 保罗·普雷博伊斯特 汉斯·迈尔 居伊·格罗索 米歇尔·莫多 彼得·雅各布 吕迪·勒努瓦 诺埃尔·达扎尔 皮埃尔·鲁塞尔 皮埃尔·巴斯蒂安 雅克·萨布隆 玛格·阿夫里尔 雅克·博杜因 加布里埃尔·戈班 保罗·梅塞 亨利·热内斯,热拉尔·乌里,1966,132分钟
剧情 历史 战争,卢旺达饭店 Hotel Rwanda,　　影片来源于一个真实的故事。保罗•卢斯赛伯吉纳(唐•钱德尔DonCheadle饰)在乱世中开了一家饭店，这家饭店在杀戮如麻的世界中，就像一个绿洲供人休憩，救人性命。事件源于两国元首的罹难：他们分别是胡图族和图西族的首领，同乘一班机，却被意外击落。这样一来，两族人之间的猜忌和争斗开始了，胡图族人开始疯狂杀戮图西族人。,唐·钱德尔 苏菲·奥康内多 杰昆·菲尼克斯 尼克·诺特 哈基姆·凯-卡西姆 托尼·戈罗奇 法纳·莫科纳 大卫·奥哈拉 莫苏西·麦格诺 西莫·莫加瓦扎 卡拉·西摩 罗伯托·西特兰 Desmond Dube 蕾乐蒂·库马洛,特瑞·乔治,2004,121分钟
剧情 爱情,恋恋笔记本 The Notebook,　　一个浸润着鲜红与纯白的爱情故事，写在一本洒满昏黄的笔记本上，被一位老先生(詹姆斯·加纳饰)，一遍一遍的讲述。老太太(吉娜·罗兰兹饰)总是静静的听着，好奇的追问结果。在一家疗养院，这样不变的场景每天都会上演。,瑞恩·高斯林 瑞秋·麦克亚当斯 吉娜·罗兰兹 詹姆斯·加纳 斯塔尔勒塔·杜波利斯 凯文·康诺利 希瑟·沃奎斯特 杰弗里·奈特 琼·艾伦,尼克·卡萨维茨,2004,123分钟
剧情 喜剧 家庭,7号房的礼物 7번방의 선물,　　1997年，只有6岁儿童智商的智障男子李龙久（柳成龙饰）和可爱的女儿艺胜（葛素媛饰）相依为命，生活虽然简单清贫，却充满幸福。某天，执着为女儿买美少女战士书包的龙久意外卷入一起幼童诱拐奸杀案，而死者竟是警察局长的女儿。龙久懵懂无知，搞不清状况，昏头昏脑就被投入监狱。在7号牢房中，聚集着走私犯蘇杨浩（吴达洙饰）、诈骗犯崔春浩（朴元尚饰）、通奸犯姜万范（金正泰饰）、恐吓犯老徐（金基灿饰）和抢劫犯申奉植（郑万植饰）等五毒俱全的“社会渣滓”。龙久孩子般纯洁的心渐渐感动了这几个“大坏蛋”，他们甚至不惜冒险将艺胜带入牢房与父亲相会。,柳承龙 朴信惠 郑镇荣 金正泰 吴达洙 朴元尚 郑满植 葛素媛,李焕庆,2013,127分钟
剧情 爱情,傲慢与偏见 Pride & Prejudice,　　根据简·奥斯汀同名小说改编。伊丽莎白·班纳特(凯拉·奈特丽饰)出身于小地主家庭，有四个姐妹，母亲班纳特太太整天操心着为女儿物色称心如意的丈夫。新来的邻居宾格来先生和他的朋友达西（马修·麦克菲迪恩饰）打破了她们一家人单调的乡村生活。宾格来和伊丽莎白的姐姐简·班纳特互生情愫；达西对善良聪明的伊丽莎白产生了好感，而伊丽莎白却对达西不可一世的傲慢心存偏见，不接受他的感情。然而，世事难料，宾格来和简·班纳特因为误会，关系危在旦夕；达西的种种作为，展示了性格中和伊丽莎白相同的善良一面，逐渐赢得了伊丽莎白的好感。两对有情人能否终成眷属？班纳特姐妹们能否得到自己想要的生活？,凯拉·奈特莉 马修·麦克费登 唐纳德·萨瑟兰 布兰达·布莱斯 凯瑞·穆里根 裴淳华 吉娜·马隆 妲露拉·莱莉 朱迪·丹奇 西蒙·伍兹 克劳迪·布莱克利 汤姆·霍兰德 鲁伯特·弗兰德 凯利·蕾莉 皮普·托伦斯 西妮德·马修斯,乔·赖特,2005,129 分钟
剧情 犯罪,猜火车 Trainspotting,　　苏格兰爱丁堡，雷登（伊万·麦克格雷格EwanMcGregor饰）、土豆（艾文·布莱纳EwenBremner饰）和病仔（约翰尼·李·米勒JonnyLeeMiller饰）三个青年过着混沌糜烂的生活，他们吸毒、滥交、诈骗无所不作，而在如此肆无忌惮挥霍青春的过程中，毒品成为一切万恶之源。雷登对之亦爱亦恨，试图戒毒却最终重蹈覆辙。在一次纵情狂欢后，他们三个不知谁和少女爱丽森（SusanVidler饰）所生的婴儿死去。以此为开端，噩梦真正降临。土豆抢劫时锒铛入狱，雷登吸食毒品过量被送往医院抢救，后被强制戒毒。恐怖的幻觉和心底生气的恐惧迫使他不得不和毒品一刀两断。看似美好的新生活，但往日狐朋狗友贝格比（罗伯特·卡莱尔RobertCarlyle饰）等找上门来，再度给他带来无限的烦恼……,伊万·麦克格雷格 艾文·布莱纳 约翰尼·李·米勒 凯文·麦克基德 罗伯特·卡莱尔 凯莉·麦克唐纳 彼得·穆兰 詹姆斯·卡沙莫 艾琳·尼古拉斯 苏珊·维德勒 波林·林奇 雪莉·亨德森 斯图尔特·麦克奎里 埃文·威尔什 戴尔·温顿 基思·艾伦 凯文·艾伦 芬利·威尔士 约翰·霍奇 汤姆·德尔玛,丹尼·博伊尔,1996,94分钟
剧情 爱情 战争,魂断蓝桥 Waterloo Bridge,　　第一次世界大战期间，回国度假的陆军中尉罗伊（罗伯特·泰勒）在滑铁卢桥上邂逅了舞蹈演员玛拉（费雯·丽），两人彼此倾心，爱情迅速升温。就在两人决定结婚之时，罗伊应招回营地，两人被迫分离。由于错过剧团演出，玛拉被开除，只能和好友相依为命。,费雯·丽 罗伯特·泰勒 露塞尔·沃特森 弗吉尼亚·菲尔德 玛丽亚·彭斯卡娅,茂文·勒鲁瓦,1940,108 分钟
剧情 爱情 科幻 动画,穿越时空的少女 時をかける少女,　　17岁少女绀野真琴是一个活泼跳脱的少女。在一次普通值日工作中，真琴不小心摔倒了，自此她发现自己拥有了穿越时空的能力。她兴奋不已，掌握了穿越时空的方法后，她经常用这个方法去解决生活中许多令她困扰十分的事。,仲里依纱 石田卓也 板仓光隆 原沙知绘 谷村美月 垣内彩未 关户优希,细田守,2006,98分钟
剧情 家庭,海边的曼彻斯特 Manchester by the Sea,　　李（卡西·阿弗莱克CaseyAffleck饰）是一名颓废压抑的修理工，在得知哥哥乔伊（凯尔·钱德勒KyleChandler饰）去世的消息后，李回到了故乡——海边的曼彻斯特处理乔伊的后事。根据乔伊的遗嘱，李将会成为乔伊的儿子帕特里克（卢卡斯·赫奇斯LucasHedges饰）的监护人，李打算将帕特里克带回波士顿，但很显然帕特里克并不愿意离开家乡和朋友们，但李亦不愿在这片伤心地久留。,卡西·阿弗莱克 卢卡斯·赫奇斯 米歇尔·威廉姆斯 C·J·威尔逊 凯尔·钱德勒 卡拉·海沃德 格瑞辰·摩尔 泰特·多诺万 埃里卡·麦克德莫特 希瑟·伯恩斯 蜜西·雅格 斯蒂芬·亨德森 约什·汉密尔顿 卡罗琳·皮克曼 肖恩·菲茨吉本 肯尼思·洛纳根 利亚姆·麦克尼尔 马修·布罗德里克,肯尼思·洛纳根,2016,137分钟
剧情 犯罪,教父3 The Godfather: Part III,　　转眼间已经是1979年，第二代教父麦克•柯里昂（阿尔•帕西诺饰）到了垂暮之年，为了灵魂的救赎，麦克慢慢结束家族的黑道事业，转投正当生意。,阿尔·帕西诺 黛安·基顿 塔莉娅·夏尔 安迪·加西亚 埃里·瓦拉赫 乔·曼特纳 乔治·汉密尔顿 布里吉特·芳达 索菲亚·科波拉 雷夫·瓦朗 弗兰克·德安布罗西奥 敦尔·当纳利 理查德·布赖特 赫尔穆特·贝格 唐·诺韦洛,弗朗西斯·福特·科波拉,1990,170分钟
剧情 悬疑 奇幻 冒险,哈利·波特与死亡圣器(下) Harry Potter and the Deathly Hallows: Part 2,　　当又一次和伏地魔（拉尔夫·费因斯RalphFiennes饰）的意识连通，哈利·波特（丹尼尔·雷德克里夫DanielRadcliffe饰）断定最后一件魂器藏在霍格沃茨，于是和罗恩（鲁伯特·格林特RupertGrint饰）、赫敏（艾玛·沃森EmmaWatson饰）一同返回阴云密布的学校。在好友们的帮助下，他们成功驱逐了斯内普（艾伦·瑞克曼AlanRickman饰），然而觉察到哈利目的的伏地魔则率领徒众向霍格沃茨逼近。食死徒、摄魂怪、巨人疯狂涌入这所有着悠久历史的魔法学校，正邪决战旋即爆发，一时间血雨腥风，死伤无数。从斯内普的眼泪中，哈利不仅了解到父辈的故事，也证实了藏缅于他体内最后的秘密。在此之后，他也和伏地魔迎来了最后的对决……,丹尼尔·雷德克里夫 艾玛·沃森 鲁伯特·格林特 海伦娜·伯翰·卡特 拉尔夫·费因斯 艾伦·瑞克曼 玛吉·史密斯 汤姆·费尔顿 邦妮·怀特 朱丽·沃特斯 迈克尔·刚本 伊文娜·林奇 多姆纳尔·格里森 克蕾曼丝·波西 詹森·艾萨克 海伦·麦克洛瑞 马修·刘易斯 梁佩诗 约翰·赫特 大卫·休里斯 加里·奥德曼 吉姆·布劳德本特 艾玛·汤普森 娜塔丽·特纳 蒂莫西·斯波 大卫·布拉德利 罗彼·考特拉尼 凯莉·麦克唐纳 塞伦·希德,大卫·叶茨,2011,130分钟
剧情 犯罪,完美的世界 A Perfect World,　　单亲孩子菲利普·佩里（T·J·劳瑟T.J.Lowther饰）的母亲对他管教甚严，8岁的小菲利普甚至从未参加过一次鬼节讨糖果的游戏。附近州监狱的两名罪犯越狱成功，劫持了菲利普作为人质，向德州边界逃窜。途中，罪犯之一的布奇（凯文·科斯特纳KevinCostner饰）干掉了鲁莽愚蠢的同伙，却对小菲利普照顾有加。与此同时，德州警探瑞德（克林特·伊斯特伍德ClintEastwood饰）带着手下和州长特派的犯罪专家萨利（劳拉·邓恩LauraDern饰）一同火速追捕布奇。双方在德克萨斯州境内展开了一场公路赛大竞技；而小菲利普也经历了很多从未想过过的刺激与快乐，并与布奇产生了一种近似父子的不寻常感情……,凯文·科斯特纳 劳拉·邓恩 克林特·伊斯特伍德 T·J·劳瑟 基斯·斯扎拉巴基克,克林特·伊斯特伍德,1993,138分钟
剧情 爱情 动画 奇幻,萤火之森 蛍火の杜へ,　　某年夏天，6岁小女孩竹川萤来到爷爷家度假，她闯进了传说住满妖怪的山神森林。正当她因为迷路而焦急万分的时候，一个戴着狐狸面具的大男孩出现在她面前，并引领着萤找到回家的路。虽然萤分外感激，可是男孩却禁止她碰触自己的身体，原来这名叫银的男孩并非人类，他一旦被人类碰触就会烟消云散。在此后的日子里，萤和银成为好朋友，他们走遍了森林的每一个角落玩耍。日复一日，年复一年，每到夏天的时候萤就会如约来到森林和好朋友见面。她遵守着和银的约定，无论如何也不碰触银的身体。随着年龄的增长，萤和银对彼此的情感都悄悄发生了变化，他们共同期待相聚的日子，共同期待拥抱对方……,佐仓绫音 内山昂辉,大森贵弘,2011,45分钟
剧情 喜剧 动作 犯罪,纵横四海 緃横四海,　　亚占（张国荣）、亚Joe（周润发）和红豆（钟楚红）是三名盗画高手，专为他们的养父（曾江）偷盗知名艺术品令其赚钱。,周润发 张国荣 钟楚红 朱江 曾江 胡枫 唐宁 邓一君,吴宇森,1991,108分钟
喜剧 动画 奇幻 冒险,玩具总动员3 Toy Story 3,　　距上一次的冒险已经过去11个年头，转眼间安迪（约翰·莫里斯JohnMorris配音）变成了17岁的阳光男孩。这年夏天，安迪即将开始大学生活，他必须将自己的房间收拾整齐留给妹妹。此前，伍迪（汤姆·汉克斯TomHanks配音）与巴斯光年（蒂姆·艾伦TimAllen配音）等玩具一直期待安迪再和他们玩耍，但是随着岁月的流逝，他们被冷落在箱子里很久了。安迪十分珍惜这些童年的玩伴，于是准备将他们收在阁楼。谁曾想，妈妈却把玩具们当作废物扔到街道上。玩具们误解了安迪，于是愤然出走，宁可被捐赠到阳光之家幼儿园。,汤姆·汉克斯 蒂姆·艾伦 琼·库萨克 尼德·巴蒂 唐·里克斯 迈克尔·基顿,李·昂克里奇,2010,103分钟
喜剧 爱情 歌舞,雨中曲 Singin' in the Rain,　　无声电影时代，演员的形体远远比声音重要。琳娜（简·哈根JeanHagen饰）就是凭着讨好的外形，和唐（吉恩·凯利GeneKelly饰）成为大受欢迎的明星搭档。然而，随着技术的发展，有声电影问世，这就难倒了声音及其难听的琳娜。无论如何训练，她都不能把台词念得漂亮。于是，唐请来了声音甜美的凯西（黛比·雷诺斯DebbieReynolds饰），让她做琳娜音乐剧幕后的配音者，令琳娜的演出声名大振。而走红的琳娜更加目中无人。,吉恩·凯利 唐纳德·奥康纳 黛比·雷诺斯 赛德·查里斯 简·哈根,"斯坦利·多南,吉恩·凯利",1952,103 分钟
剧情,小森林 冬春篇 リトル・フォレスト 冬・春,　　于无法融入喧嚣吵闹的大城市，平凡女孩市子（桥本爱饰）选择回到自幼生长的老家——位于日本东北地区的小森村。这里没有过多时尚文明的色彩，当地人过着日出而作日落而息的传统生活，他们靠天吃饭，靠着双手经营人生。生活虽不富裕，心中则是满满的充实和欢喜。受妈妈（桐島かれん饰）影响，市子似乎对亲手制作各种美味而廉价的料理有着格外浓厚的兴趣。妈妈失踪已经很久，对料理的回忆与再现成为母女间别具特色的交流方式。更何况还有取自大自然的各种食材，又怎能暴殄天物浪费了大好的韶光？在好友纪子（松冈茉优饰）和裕太（三浦贵大饰）的陪伴下，市子静静地走过了春夏秋冬……,桥本爱 三浦贵大 松冈茉优 温水洋一 桐岛加恋,森淳一,2015,120分钟
剧情 喜剧 犯罪,荒蛮故事 Relatos salvajes,　　《荒蛮故事》是一部黑色喜剧，由6个独立的暴力复仇小故事构成。影片是一次对于人类失控行径的颠覆性创作，从怪异的幽默感，独特的画面和大胆的配乐，到对于身处绝境的普通人这一题材的偏爱，都可以清晰地看到南美鬼才导演达米安·斯兹弗隆与阿莫多瓦在创作方面的相似之处。不过，斯兹弗隆仍然通过这部影片发出了自己独特的声音：一场对于一个腐败成风、经济和社会严重不平等的社会的尖锐抨击。,达里奥·格兰迪内蒂 玛丽娅·玛努尔 莫妮卡·比利亚 丽塔·科尔泰塞 胡丽叶塔·泽尔贝伯格 凯撒·博尔东 莱昂纳多·斯巴拉格利亚 沃尔特·多纳多 里卡多·达林 南希·杜普拉 奥斯卡·马丁内兹 玛莉亚·奥内托 奥斯马·努涅斯 赫尔曼·德·席尔瓦 艾丽卡·里瓦斯 地亚哥·詹蒂莱 玛格丽塔·莫菲诺,达米安·斯兹弗隆,2014,122分钟
剧情 爱情,花样年华 花樣年華,　　1960年代的香港，报馆编辑周慕云（梁朝伟饰）与太太搬进一间住户多是上海人的公寓，和某家日资公司的贸易代表陈先生与太太苏丽珍（张曼玉饰）成了邻居。因为发现各自在外工作的配偶背着他们有了婚外情，周慕云和苏丽珍开始见面商讨未来可能发生的事情以及相应对策。,梁朝伟 张曼玉 潘迪华 萧炳林 张耀扬 孙佳君 钱似莺 顾锦华,王家卫,2000,98 分钟
剧情 家庭,我是山姆 I Am Sam,　　在星巴克工作的山姆（西恩•潘SeanPenn饰），虽已成人，但智力水平只有7岁。一次偶然，他收留了一个流浪女。该女子帮山姆生下了一个女儿后消失得无影无踪。,西恩·潘 达科塔·范宁 米歇尔·菲佛 黛安·韦斯特 洛雷塔·迪瓦恩 理查德·希夫 劳拉·邓恩,杰茜·尼尔森,2001,132 分钟
纪录片,二十二,　　在日本侵华战争的八年间，至少20万中国妇女被迫沦为日军的性奴隶，也就是我们经常提及的“慰安妇”。在影片2014年开拍之时，中国内地仅剩22位“慰安妇”幸存者。当光阴慢慢划过，时间抚平伤口，这些经历了常人无法想象的磨难的老人们，如今又身在何处，过着怎样的生活，经历着怎样的悲喜忧乐？,,郭柯,2015,99分钟(公映版)
喜剧 动作 科幻 动画 冒险,超能陆战队 Big Hero 6,　　未来世界的超级都市旧京山（SanFransokyo），热爱发明创造的天才少年小宏，在哥哥泰迪的鼓励下参加了罗伯特·卡拉汉教授主持的理工学院机器人专业的入学大赛。他凭借神奇的微型磁力机器人赢得观众、参赛者以及考官的一致好评，谁知突如其来的灾难却将小宏的梦想和人生毁于一旦。大火烧毁了展示会场，而哥哥为了救出受困的卡拉汉教授命丧火场。身心饱受创伤的小宏闭门不出，哥哥生前留下的治疗型机器人大白则成为安慰他的唯一伙伴。原以为微型机器人也毁于火灾，谁知小宏和大白竟意外发现有人在某座废弃工厂内大批量地生产他的发明。,斯科特·安第斯 瑞恩·波特 丹尼尔·海尼 T·J·米勒 杰米·钟 小达蒙·韦恩斯 珍尼希斯·罗德里格兹 詹姆斯·克伦威尔 艾伦·图代克 玛娅·鲁道夫 亚布拉哈姆·本鲁比 凯蒂·洛斯 比利·布什 丹尼尔·吉尔森 保罗·布里格斯,"唐·霍尔,克里斯·威廉姆斯",2014,102分钟
喜剧 爱情 古装,唐伯虎点秋香 唐伯虎點秋香,　　唐伯虎（周星驰饰）身为江南四大才子之首，却有道不尽的心酸。宁王想唐伯虎帮忙图谋作反，唐伯虎只好用内功改变脉象，令众人都相信他命不久矣。母亲埋怨他不应该把功夫暴露，因为他们家族一直被当年的仇人追杀。唐伯虎在与朋友出游时，遇到了貌若天仙的秋香并对她一见钟情，决心要到华府当家丁以追求秋香，唐伯虎被取名华安。期间华太师遇到了宁王上门刁难，幸好有唐伯虎出面相助，并暴露了自己是唐伯虎的身份。秋香才知道华安是自己欣赏的唐伯虎。华夫人跟唐家有怨，因此二人便开始斗法。怎料宁王跟夺面书生再次上门，华夫人不是对手，幸得唐伯虎出手，华夫人也答应把秋香许配给唐伯虎。,周星驰 巩俐 陈百祥 郑佩佩 朱咪咪 梁家仁 苑琼丹 梁荣忠 黄一山 黄霑 吴镇宇 刘家辉 蓝洁瑛 谷德昭 陈辉虹 李健仁 宣萱 温翠萍,李力持,1993,102 分钟
剧情 爱情 奇幻,时空恋旅人 About Time,　　Tim（多姆纳尔·格利森DomhnallGleeson饰）21岁了，他的老爸（比尔·奈伊BillNighy饰）告诉他，他们家族的男人都有时光旅行的超能力，可以回到过去。于是Tim将信就疑地试了一下，回到了夏天，在那里他试图改变和暗恋对象的关系，却发现怎么穿越时空都不能让不爱你的人爱上你。之后Tim来到了伦敦，成为了一个律师。他爱上了一个漂亮的姑娘Mary（瑞秋·麦克亚当斯RachelMcAdams饰），他通过几次时空旅行，努力地想成为Mary的男朋友。再后来，他又试图通过时光旅行，去挽回一场失败的话剧，去改善妹妹的生活，去更好地和亲人、朋友相处，度过生命中的每一天。,多姆纳尔·格里森 瑞秋·麦克亚当斯 比尔·奈伊 莉迪亚·威尔逊 汤姆·霍兰德 琳赛·邓肯 玛格特·罗比 凡妮莎·柯比 李·阿斯奎斯-柯 凯瑟琳·斯戴曼,理查德·柯蒂斯,2013,123分钟
剧情 科幻 冒险,人工智能 Artificial Intelligence: AI,　　21世纪中期，由于温室效应，南北极冰川融化，地球上很多城市被淹没。此时，人类科技已经高度发达，人工智能机器人就是人类发明出来用以应对恶劣自然环境的科技手段之一，而且，机器人制造技术已经高度发达，先进的机器人不但拥有可以乱真的人类外表，还能感知自身的存在。,海利·乔·奥斯蒙 弗兰西丝·奥康纳 山姆·洛巴兹 杰克·托马斯 裘德·洛 威廉·赫特 肯·梁 克拉克·格雷格 凯文·苏斯曼 汤姆·加洛普 Eugene Osment 艾普尔·格雷斯 马特·温斯顿 萨布丽娜·格德维奇 Theo Greenly,史蒂文·斯皮尔伯格,2001,146分钟
剧情 惊悚,浪潮 Die Welle,　　赖纳•文格尔（JürgenVogel饰）是德国某所高中的老师，该学校正在进行“国家体制”的主题活动周。由于他最喜欢的“无政府主义”课被另一位老师捷足先登，因此他只能主讲“独裁统治”课程。,于尔根·福格尔 弗雷德里克·劳 马克思·雷迈特 詹妮弗·乌尔里希 克里斯蒂安娜·保罗 雅各布·马琛茨 克里斯蒂娜·度·瑞格 埃利亚斯·穆巴里克 马克西米利安·福尔马尔 马克斯·毛夫,丹尼斯·甘塞尔,2008,107 分钟
剧情 动作 科幻 惊悚 犯罪,蝙蝠侠：黑暗骑士崛起 The Dark Knight Rises,　　检察官哈维·登特（艾伦·艾克哈特AaronEckhart饰）死后的八年间，哥谭市在戈登警长（加里·奥德曼GaryOldman饰）的努力下有效地遏制了犯罪活动。而蝙蝠侠布鲁斯·韦恩（克里斯蒂安·贝尔ChristianBale饰）因为背负谋杀登特的罪名，被警方通缉，在哥谭市销声匿迹。然而，这看似平静的状态被恐怖分子贝恩（汤姆·哈迪TomHardy饰）的出现打破，他利用猫女（安妮·海瑟薇AnneHathaway饰）偷取布鲁斯的指纹，致使韦恩集团面临破财，布鲁斯被赶出董事会。为了保证韦恩集团投资的能源项目不被坏人利用制造核弹，布鲁斯帮助米兰达（玛丽昂·歌迪亚MarionCotillard饰）成为董事会主席。贝恩接下来一连串精密设计的计划将哥谭市陷入孤绝之境，毁灭之日指日可待。布鲁斯只能再次肩负起拯救哥谭的重任，然而至亲的...,克里斯蒂安·贝尔 汤姆·哈迪 安妮·海瑟薇 约瑟夫·高登-莱维特 玛丽昂·歌迪亚 加里·奥德曼 迈克尔·凯恩 摩根·弗里曼 朱诺·坦普尔 乔什·平茨 丹尼尔·逊亚塔 内斯特·卡博内尔 伯恩·戈曼 连姆·尼森 乔伊·金 艾丹·吉伦 基里安·墨菲 乔什·斯图沃特 马修·莫迪恩 本·门德尔森,克里斯托弗·诺兰,2012,165分钟
喜剧 动画 冒险,冰川时代 Ice Age,　　冰河时期降至，动物们都急着迁徙到温暖的地方及储存食物。长毛象曼弗瑞德、树獭希德、剑齿虎迪亚戈为了帮助一个人类的婴儿回到父母身边，因而也掉了动物们迁徙的队伍。三只性格各异的动物，觉得集合力量帮助婴儿。一路上，善良的曼弗瑞德总觉得迪亚戈心怀鬼胎，想吃掉婴儿，互相猜疑。他们一起经历了无数艰难险阻，终于能够真诚相对。,雷·罗马诺 约翰·雷吉扎莫 丹尼斯·利瑞 杰克·布莱克,"卡洛斯·沙尔丹哈,克里斯·韦奇",2002,81 分钟
剧情 犯罪 奇幻,香水 Perfume: The Story of a Murderer,　　十八世纪，让-马普蒂斯特•格雷诺耶（本•韦肖BenWhishaw饰）出生在巴黎最肮脏、最恶臭不堪的地方——鱼市场上。格雷诺耶天生对气味有着惊人的天赋：无论恶臭还芳香，他都一一记住，并能轻易分辨各种气味。,本·卫肖 艾伦·瑞克曼 蕾切儿·哈伍德 达斯汀·霍夫曼 大卫·卡尔德 比吉特·米尼希迈尔 卡洛斯·格拉马赫 西恩·托马斯 佩里·米尔沃德 山姆·道格拉斯 卡洛琳·赫弗斯 卡罗丽娜·维拉·斯克利亚 莎拉·弗里斯蒂 科琳娜·哈弗奇 杰西卡·施瓦茨 约翰·赫特,汤姆·提克威,2006,147分钟
剧情 爱情,朗读者 The Reader,　　15岁的少年米夏·伯格（大卫·克劳斯DavidKross饰）偶遇36岁的中年神秘女列车售票员汉娜（凯特·温丝莱特KateWinslet饰），后来两个发展出一段秘密的情人关系。汉娜最喜欢躺在米夏怀里听米夏为他读书，她总是沉浸在那朗朗的读书声中。年轻的米夏沉溺于这种关系不能自拔的同时，却发现他自己根本不了解汉娜。忽然有一天，这个神秘女人不告而别，米夏在短暂的迷惑和悲伤之后，开始了新的生活。,凯特·温丝莱特 大卫·克劳斯 拉尔夫·费因斯 詹妮特·海因 苏珊娜·洛塔尔 Alissa Wilms 弗罗里安·巴西奥罗麦 弗里德里克·贝得勒支 马蒂亚斯·哈比希 Frieder Venus Marie-Anne Fliegel Hendrik Arnst Rainer Sellien 托尔斯滕·米凯利斯 Moritz Grove,史蒂芬·戴德利,2008,124 分钟
剧情 悬疑 犯罪,心迷宫,　　一个想要挣脱父权控制的青年，在一次争执中失手杀死了同村的痞子，被迫逃亡。他没有想过会用这样的方式逃离安逸的生活，离开之际却惊人的发现宿命早已将他和专制的父亲紧紧连接在一起，走或留他都将失去一切。,霍卫民 王笑天 罗芸 杨瑜珍 孙黎 邵胜杰 曹西安 贾致钢 朱自清 王梓尘 赵梓彤 贾世忠 袁满 陈梅生 张景素 平坦 金子 张建军,忻钰坤,2014,110分钟(中国大陆)
剧情 悬疑 犯罪,罗生门 羅生門,　　罗生门，日本京都的正南门。云游和尚、砍柴人和乞丐在城门底下避雨，三人闲聊，话题开始，故事的序幕拉开：一个武士和他妻子路过荒山，遭遇了不测。妻子被侮辱，而武士惨遭杀害。惨案如何酿成？凶手、妻子、借武士亡魂来做证的女巫，都各有说法。,三船敏郎 千秋实 京町子 森雅之 志村乔,黑泽明,1950,88分钟
悬疑 惊悚 犯罪,追随 Following,　　比尔（杰里米•希尔伯德JeremyTheobald饰）是个游手好闲的作家，借跟踪陌生人打发时间。这让他体验到形形色色的人生，很神秘，也很刺激。不过，有一次，比尔盯上了一个西服革履的家伙克布（艾利克斯•浩尔AlexHaw饰）。尾随到餐厅之后，他却被对方识破，只得摊牌。克布是个贩卖盗版光碟的商贩，此外还做拧门撬锁的勾当。克布带着比尔潜入了陌生人家中，但比尔发现克布根本不取财物，而是寻找主人蓄意掩盖的隐私。同时，克布还提醒比尔要注意仪表。后来，比尔认识了一个神秘的金发女人（露西•拉塞尔LucyRussell饰）。在酒吧，比尔主动与她调情，但是对方冷若冰霜。原来她是黑社会大佬的女人，但是不可遏制的激情让比尔失去了理智，从而堕入了万劫不复的深渊……,杰里米·西奥伯德 亚历克斯·霍 露西·拉塞尔 约翰·诺兰 迪克·布拉德塞尔 吉莉安·艾尔-卡迪 詹妮弗·安杰尔 尼古拉斯·卡洛蒂 达伦·奥曼迪 盖·格林威 塔索斯·史蒂文斯 特里斯坦·马丁 瑞贝卡·詹姆斯 保罗·梅森 大卫·博维尔,克里斯托弗·诺兰,1998,69分钟
剧情 家庭,一次别离 جدایی نادر از سیمین,　　纳德（佩曼•莫阿迪PeymanMoadi饰）与西敏（蕾拉•哈塔米LeilaHatami饰）是一对夫妻，他们的女儿叫特梅（萨日娜•法哈蒂SarinaFarhadi饰）。西敏希望一家三口移居国外，但是纳德坚决反对，原因是纳德的父亲患有老年痴呆症需要照顾。两人为此对薄公堂，准备离婚，但是法院驳回了她的请求。西敏赌气回了娘家。西敏走后，纳德分身乏术，聘请了一位护工瑞茨（萨瑞•巴亚特SarehBayat饰）照顾父亲。但是，父亲如厕问题始终困扰瑞茨，依《古兰经》教义，她感到禁忌重重。瑞茨的女儿陪伴在她左右，也令她分神。几个回合下来，纳德某次回家发现，父亲被绑在床上，出离愤怒的他推倒了瑞茨。没想到怀孕的瑞茨竟然流产，瑞茨丈夫怒不可遏将纳德告上了法庭，他们各执一词，然而真相却出人意料……,佩曼·莫阿迪 蕾拉·哈塔米 萨瑞·巴亚特 沙哈布·侯赛尼 萨日娜·法哈蒂 梅里拉·扎雷伊 阿里-阿萨哈·萨哈巴齐 巴巴克·卡里米 吉米娅·侯赛伊妮 希尔·亚齐丹巴克什 萨哈巴努·佐哈多,阿斯哈·法哈蒂,2011,123分钟
剧情 犯罪,撞车 Crash,　　一个黑人电视导演和他的妻子，莫名其妙地因为莫须有的违章驾驶受到了白人警察的侮辱；看似该受到谴责的警察却在最危急关头挽救了那名曾遭他侮辱的黑人妇女；老实巴交的波斯商店店主，却差点谋杀了有着刺青的墨西哥修锁匠(迈克尔•佩纳MichaelPena饰)；地区检察官（布兰登•费舍尔BrendanFraser饰）和他的妻子（桑德拉•布洛克SandraBullock饰）被抢吉普车后只能把怨气发泄到无辜的修锁匠身上；黑人警察（唐•钱德尔DonCheadle饰）在承受着上司的威胁和焦急地寻找自己的弟弟。,桑德拉·布洛克 唐·钱德尔 马特·狄龙 布兰登·费舍 泰伦斯·霍华德 坦迪·牛顿 卢达克里斯 迈克尔·佩纳 珍妮弗·艾斯波西多 瑞恩·菲利普,保罗·哈吉斯,2004,112分钟
剧情 音乐,爆裂鼓手 Whiplash,　　19岁少年安德鲁（迈尔斯·特勒MilesTeller饰）成长在单亲家庭，一心想成为顶级爵士乐鼓手。某晚他在学校练习时被魔鬼导师弗莱彻（J·K·西蒙斯J.K.Simmons饰）相中，进入正规乐队，同时也开始为追求完美付出代价。安德鲁越是刻苦练习，与外部世界越是隔膜。唯一理解他的是弗莱彻，但后者的暴躁与喜怒无常扭曲了这段师生关系，更让安德鲁耳濡目染，连带自身的性格亦发生变化。最后当安德鲁终于登上纽约音乐厅的舞台，他才惊恐的发现原来弗莱彻一直等着将他打入尘埃......,迈尔斯·特勒 J·K·西蒙斯 保罗·雷瑟 梅莉莎·班诺伊 奥斯汀·斯托维尔 克里斯·马尔基 马科斯·卡锡 杰森·布莱尔 科菲·斯里博伊,达米恩·查泽雷,2014,107分钟
动画 惊悚 奇幻,未麻的部屋 Perfect Blue,　　当红三人少女偶像团体CharmingBird面临解散，核心成员雾越未麻在事务所的安排下不得不退出团体，转型成为一名电视剧演员。万事开头难，对于偶像歌手转型而来的未麻尤其如此，她在工作中承受着压力，闷闷不乐。与此同时，各种恐吓信不断、经纪人田所先生遇袭以及以自己的口吻在网站上写日记的神秘人都让未麻焦虑不已，恍惚间她甚至看到另一个自己。,岩男润子 松本梨香 辻亲八 秋元羊介 盐屋翼 堀秀行 篠原惠美 江原正士 梁田清之 Tôru Furusawa 新山志保 三木真一郎,今敏,1997,81 分钟
剧情 犯罪,可可西里,　　尕玉（张磊饰）本来是个警察，为了调查藏羚羊猎杀状况，他假扮记者身份，随考察团来到可可西里——那里气候寒冷、空气稀薄，含氧量极低。就在这个人类生存的“禁区”，尕玉目睹了一幕幕人性的贪婪以及人类与环境的狂暴冲突。首先是藏羚羊保护站的巡山队员被盗猎人枪杀，接下来他们见到了悲惨的一幕：盗猎者逃走，只留下众多只剩嶙峋白骨的藏羚羊。巡山队员在恶劣的环境中追捕凶手，最终只夺回了一部份的藏羚羊皮毛。一方面要与恶劣的自然环境抗争、另一方面还要与凶残的盗猎者周旋，巡山队员和尕玉面临着生死考验。,多布杰 张正阳 奇道 赵雪莹 马占林 赵一穗,陆川,2004,85分钟(中国大陆)
剧情 犯罪,战争之王 Lord of War,　　本来美国移民尤瑞（尼古拉斯•凯奇NicolasCage饰）的家族生意是开饭馆。但是一个偶然的机会令他踏入了军火生意的大门，从此开始了贩卖武器的“职业生涯”。尤瑞遇事机智，胆大心细，这不仅让他成功俘获了美女埃娃的心，还使得他在地下军火生意中愈战愈勇。但是，不顺心的事情也随之而来：出现了生意上的死对头和一名老是盯着他的国际警察；弟弟染上毒瘾，并在一单生意交易中丧了命，而且，尽管他在竭力维护自己在家庭里的正义形象，但却掩盖不了真相。尤瑞开始反省自己生意的正义性，拷问自己的良心，但一切太迟，他已经众叛亲离……,尼古拉斯·凯奇 布丽姬·穆娜 杰瑞德·莱托 伊安·霍姆 伊桑·霍克 叶夫盖尼·拉扎列夫 伊默恩·沃克 塔尼特·菲尼克斯,安德鲁·尼科尔,2005,122 分钟
剧情 家庭 儿童,地球上的星星 Taare Zameen Par,　　对于8岁的男孩伊夏（达席尔·萨法瑞DarsheelSafary饰）来说，世界是充满了惊奇和快乐的万花筒，他正在用一切他能够想到的方式和这个陌生的世界进行着交流，同时也充分的享受着大地万物慷慨的赠与。可是，这样的伊夏却是成年人眼中的问题儿童，他的成绩不好，在班上的排名靠后，脑子里还充满了各种匪夷所思的鬼点子，在又一次闯下大祸后，忍无可忍的父母将他送往了寄宿学校。,达席尔·萨法瑞 阿米尔·汗 塔奈·切赫达 萨谢·英吉尼尔 蒂丝卡·乔普拉 维品·沙尔马 拉利塔·拉伊米 吉里贾·奥克 拉维·汗维尔卡尔 普拉蒂玛·库尔卡尼 梅娜·马里克 索纳利·萨查德夫 桑贾伊·达迪克 拉加·戈帕尔·耶尔 布格斯·巴尔加瓦 尚卡尔·萨查德夫 M·K·拉伊纳,阿米尔·汗,2007,165分钟
剧情,梦之安魂曲 Requiem for a Dream,　　哈瑞（杰瑞德·莱托JaredLeto饰）和玛丽安（詹妮弗·康纳利JenniferConnelly饰）彼此相爱，梦想着开个服装店，梦想着有个美好的明天。然而他们都离不开毒品，并想着以销毒赚得第一桶金。哈瑞的母亲是个彻底的电视迷，最大的梦想是上电视，为此不顾年迈吞食减肥药。由于药品里的毒品成分，她渐渐上了瘾。哈瑞的朋友狄龙（马龙·韦恩斯MarlonWayans饰）同样是个瘾君子，为了挣大钱加入了黑社会。为了梦想，他们努力着，却一步步深陷毒品难以自拔。哈瑞的胳膊因注射毒品感染而被割去；玛丽安为了毒品出卖肉体和自尊；哈瑞的母亲最终住进了精神病院受尽折磨；狄龙锒铛入狱。当视线变得模糊，梦在遥远处呼唤，迷失的人该以怎样的姿态安抚自己的灵魂。,艾伦·伯斯汀 杰瑞德·莱托 詹妮弗·康纳利 马龙·韦恩斯 克里斯托弗·麦克唐纳 露易丝·拉塞尔 玛西娅·让·库尔茨 珍妮特·萨诺 苏珊妮·谢泼德 夏洛特·阿罗诺夫斯基 马克·马戈利斯 迈克尔·卡切克 杰克·奥康耐 斯科特·富兰克林 亚伯拉罕·阿罗诺夫斯基 欧嘉·梅雷迪斯 本·申克曼 凯斯·大卫 迪伦·贝克 肖恩·奥哈根 比尔·布尔 吉米·雷·威克斯 斯坦利·B·赫尔曼,达伦·阿伦诺夫斯基,2000,102分钟
剧情 悬疑 惊悚,恐怖游轮 Triangle,　　单亲母亲杰西（梅利莎·乔治饰）和一帮朋友乘游艇出海游玩，但她总有一种有不好的事情发生的感觉。不久，他们便在海上遭遇一场强烈的风暴。游艇翻船，众人落海，几经挣扎他们好不容易爬到游艇残骸上来。正当他们无计可施之时，一艘巨大的游轮向众人缓缓驶来。众人欣喜过望，未加思索便登上这艘名为“艾俄洛斯”的游轮，结果发现这竟是一艘1930年便告失踪的神秘之船，而船上更是空无一人。,梅利莎·乔治 利亚姆·海姆斯沃斯 迈克尔·多曼 瑞秋·卡帕尼 艾玛·朗 亨利·尼克松 约书亚·麦基弗,克里斯托弗·史密斯,2009,99 分钟
剧情 同性 传记,达拉斯买家俱乐部 Dallas Buyers Club,　　1986年美国达拉斯市，恐同的德州电工罗恩·伍德鲁夫（马修·麦康纳MatthewMcConaughey饰）发现自己患上“同志病”——艾滋，生命只剩30天。他使用的AZT（叠氮胸苷）是当时美国药管局唯一批准面市的抗艾药物，但毒性极大。为了活下去，罗恩开始研究各种抗艾处方和替代疗法，甚至走私来自世界各地未经批准的药物。在医生萨克斯（詹妮弗·加纳JenniferGarner饰）和异装癖同性恋雷蒙（杰瑞德·莱托JaredLeto饰）的帮助下，罗恩开始成立了一个叫做“达拉斯买家俱乐部”的地下组织，为艾滋病人提供更多“非常规疗法”，很多患病的男同性恋亦求助于他。他的举动自然受到了药管局和药商的阻挠和施压。罗恩最终在1992年9月去世，离他被告知只剩30天可活已经过去了2557天。在这近7年时间里，他坚持不懈的与病魔、与药管局及制药商进行艰苦的...,马修·麦康纳 詹妮弗·加纳 杰瑞德·莱托 史蒂夫·茨恩 达拉斯·罗伯特斯 凯文·兰金 丹尼斯·欧哈拉 简·麦克尼尔 格里芬·邓恩 詹姆斯·杜蒙特 朱丽叶·里夫斯 斯蒂菲·格罗特 J·D·埃弗摩尔,让-马克·瓦雷,2013,117分钟
剧情 动作 西部 冒险,被解救的姜戈 Django Unchained,　　1858年，美国南北战争前两年。德国赏金猎人金·舒尔茨（克里斯托弗·瓦尔兹ChristophWaltz饰）从贩奴商人手中买下黑奴姜戈（杰米·福克斯JamieFoxx饰），让其重获自由。舒尔茨实则是要把姜戈培养成无法无天的赏金猎人，为其缉拿各种通缉犯以换取报酬。姜戈的唯一条件是：从暴虐的糖果庄园主卡尔文·坎迪（莱昂纳多·迪卡普里奥LeonardoDiCaprio饰）手中解救出自己的妻子布鲁姆希尔达（凯丽·华盛顿KerryWashington饰）。本片是昆汀向1966年由塞吉奥·考布西执导的经典意大利西部片《迪亚戈》的致敬之作。,杰米·福克斯 莱昂纳多·迪卡普里奥 克里斯托弗·沃尔兹 塞缪尔·杰克逊 凯丽·华盛顿 沃尔顿·戈金斯 丹尼斯·克里斯托弗 乔纳·希尔 詹姆斯·瑞马尔 爱波·塔布琳 弗兰科·内罗 罗伯特·卡拉丁 佐伊·贝尔,昆汀·塔伦蒂诺,2012,163分钟(中国大陆)
剧情 爱情 犯罪,阿飞正传 阿飛正傳,　　1960年代的香港，因生母在阿飞旭仔（张国荣）长大成人过程中的缺失，他把自己优雅地比喻为“无根鸟”，对生命中遇到的每一个女人都表现得放荡不羁，售票员苏丽珍（张曼玉）和舞女咪咪（刘嘉玲）先后令他感受过温暖，可是她们也只能当当小情人。为摆脱沉重和无力感，旭仔抛下一切去南洋找寻生母。,张国荣 张曼玉 刘嘉玲 刘德华 张学友 潘迪华 梁朝伟,王家卫,1990,94 分钟
动作 悬疑 惊悚,谍影重重 The Bourne Identity,　　杰森·伯恩（马特·达蒙饰）在意大利被人从海上救起，他失去了记忆，除了臀部的瑞士银行帐号之外，他完全没有办法证明自己的身份。,马特·达蒙 弗朗卡·波滕特 克里斯·库珀 克里夫·欧文 朱丽娅·斯蒂尔斯 布莱恩·考克斯 阿德沃尔·阿吉纽依-艾格拜吉 加布里埃尔·曼 沃尔顿·戈金斯 约什·汉密尔顿 Orso Maria Guerrini,道格·里曼,2002,119分钟
剧情 犯罪,牯岭街少年杀人事件 牯嶺街少年殺人事件,　　结识小明（杨静怡）前，小四（张震）是典型的乖仔，是父母的希望和兄妹的骄傲（一家人指望他考上名牌大学将来提升全家的社会地位），他有一个喜欢摇滚乐的自称“小猫王（王启赞）”的好友，两人虽会去树林看人幽会，但过的是与周围诸多在“小公园”混的少年人完全两样的生活。,张震 杨静怡 张国柱 王启赞 林鸿铭 金燕玲 王琄 张翰 姜秀琼 赖梵耘 柯宇纶 谭志刚 冯国强 陈湘琪 金士杰,杨德昌,1991,237分钟(导演剪辑版)
动作 悬疑 惊悚,谍影重重2 The Bourne Supremacy,　　经过上一集的腥风血雨之后，伯恩（马特·达蒙饰）和女朋友玛丽（弗兰卡·泼坦特饰）隐居在印度偏僻的海边小镇，想忘记以前的生活。一天，神秘组织的杀手来到小镇，打破了伯恩二人世界的宁静，女友玛丽在逃亡途中被枪杀。,马特·达蒙 弗朗卡·波滕特 布莱恩·考克斯 朱丽娅·斯蒂尔斯 卡尔·厄本 琼·艾伦 加布里埃尔·曼 马尔顿·索克斯 约翰·贝德福德·劳埃德 伊桑·桑德勒 米歇尔·莫纳汉 卡瑞尔·罗登 托马斯·阿拉纳 奥莎娜·阿金什那 汤姆·加洛普,保罗·格林格拉斯,2004,108分钟
剧情 爱情,碧海蓝天 Le grand bleu,　　杰克（让-马克•巴尔Jean-MarcBarr）在希腊海边长大，虽然小时候眼看着爸爸死于一次潜水事故，却没有削减杰克对大海的热爱。当杰克的朋友恩佐（让·雷诺JeanReno饰）找到他，劝说他参加潜水冠军大赛时，杰克答应了，在比赛中成绩突出勇夺冠军，并且得到了乔安娜（罗姗娜•阿奎特RosannaArquette饰）的爱。两人打得火热，杰克却意识到他放不下、离不开大海。,让-马克·巴尔 让·雷诺 罗姗娜·阿奎特 保罗·希纳尔 赛尔乔·卡斯特利托 让·布伊兹 马克·迪莱特 格里芬·邓恩 Andréas Voutsinas 瓦伦提娜·瓦格斯 Kimberly Beck,吕克·贝松,1988,132分钟(法国)
动画 奇幻 冒险,魔女宅急便 魔女の宅急便,　　琪琪今年13岁了，按照魔法界的规矩，魔法少女年满13岁就要出外进行为期一年的修行。所以琪琪带着宠物黑猫吉吉踏上了修行之旅。然而，修行之旅开始得并不顺利，当琪琪来到海边一座大城市时，人们并没有欢迎她的到来，人人都不搭理她。幸亏琪琪有一颗善良的心，当她拾到了一件别人的失物时，热心的琪琪找到了失主。她的善良赢得了面包店老板娘的好感，琪琪就在面包店开始了她用飞行魔法为客人服务的快递业务。琪琪很快适应了新环境，一次，一个热衷于飞机制造的男孩邀请琪琪去参加飞行俱乐部的聚会，途中琪琪因为帮一位老大娘送东西而被雨淋了。从此，琪琪突然发现自己的魔法正在一天天变弱。,高山南 佐久间玲 户田惠子 山口胜平 信泽三惠子 加藤治子 关弘子 三浦浩一 山寺宏一 井上喜久子 渊崎由里子 土井美加 土师孝也 浅井淑子 齐藤昌 西村知道 小林优子 池水通洋 辻亲八 大塚明夫 坂本千夏 田口昂 键本景子 津贺有子 龟井芳子 丸山裕子,宫崎骏,1989,103分钟
剧情 传记 历史 战争,血战钢锯岭 Hacksaw Ridge,　　1945年，第二次世界大战接近尾声，作为邪恶轴心重要成员的日本，其嚣张态势已成强弩之末。是年，决定战局走向的冲绳岛战役拉开序幕，成千上万斗志昂扬的美国大兵被派往冲绳，等待他们的则是敌军重兵防守、凶险异常的钢锯岭。在这群人中间，却有一个不愿拿起武器的军医。他名叫戴斯蒙德·道斯（安德鲁·加菲尔德AndrewGarfield饰），来自美国的弗吉尼亚。太平洋爆发之际，瘦弱的戴斯蒙德志愿成为救死扶伤的军医而应征入伍。可因童年和家庭的原因，他始终不愿拿起枪支操练，为此宁愿背上拒服兵役的罪名被送上军事法庭。几经周折，戴斯蒙德最终和战友来到了钢锯岭。枪林弹雨，转瞬之间无数人应声倒地。在信仰和信念的支持下，戴斯蒙德仅凭一己之力拯救了数十条濒死的生命……,安德鲁·加菲尔德 萨姆·沃辛顿 文斯·沃恩 雨果·维文 卢克·布雷西 泰莉莎·帕尔墨 瑞切尔·格里菲斯 纳撒尼尔·布佐尼克 理查德·劳斯伯格 马特·纳夫莱 费拉斯·迪拉尼 瑞安·柯尔 卢克·佩格勒,梅尔·吉布森,2016,139分钟(中国大陆)
悬疑 惊悚 恐怖,惊魂记 Psycho,　　Marion（珍妮特·利JanetLeigh饰）在亚利桑那州凤凰城上班，每天中午都急匆匆地与男友幽会，然而男友却因为推说没钱给前妻赡养费而迟迟不肯离婚。这天Marion要替老板存进4万美元进银行，一时冲动之下她决定携款潜逃。沿途她换车后又遇下雨，身心备受煎熬的她见到路边有一家贝兹汽车旅馆，便决定留下过夜。,珍妮特·利 安东尼·博金斯 维拉·迈尔斯 马丁·鲍尔萨姆 约翰·加文,阿尔弗雷德·希区柯克,1960,109分钟
剧情,忠犬八公物语 ハチ公物語,　　1923年，日本秋田县大馆市天降大雪，近藤家纯种秋田犬产仔，赠与县土木科长间濑。后者将其中一犬转赠东京帝国大学教授上野秀次郎（仲代达矢TatsuyaNakadai饰）驯养。上野的独生女千鹤子对此欢欣鼓舞，而上野夫妇却面露难色。后来，千鹤子（石野真子MakoIshino饰）谈恋爱，竟怀了男友的孩子。男友专程登门造访。上野与之对谈，后者诚惶诚恐，坦言要对其女儿负责，事不宜迟，即日便举行婚礼，上野闻听此言，转怒为喜。千鹤子出嫁后，上野旋即把全部的心血与爱都投注在幼犬身上，并取名为阿八。每日上下班，阿八必在涩谷车站等候，一年四季，风雨无阻，令路人叹为观止，成为地方一道风景，主仆之情感动天地……,山本圭 井川比佐志 片桐入 仲代达矢 春川真澄 八千草薰 石野真子 殿山泰司 加藤嘉 石仓三郎 泉谷茂 柳叶敏郎,神山征二郎,1987,107 分钟
喜剧 爱情 音乐,再次出发之纽约遇见你 Begin Again,　　格雷塔（凯拉·奈特莉KeiraKnightley饰）抛弃了一切跟随着男友戴夫（亚当·李维AdamLevine饰）来到美国纽约实现他们的音乐和爱情梦想，没想到曾经幻想过的美好一切化作泡影，在获得了更好的工作机会后，戴夫果断抛弃了格雷塔，留下她一人苦苦在底层挣扎。,凯拉·奈特莉 马克·鲁弗洛 亚当·莱文 詹姆斯·柯登 海莉·斯坦菲尔德 凯瑟琳·基纳 茅斯·达夫 罗伯·莫洛 伊恩·布罗茨基 香农·沃尔什 大卫·埃伯利斯 马科·阿桑特 玛丽·凯瑟琳·歌瑞森 詹·雅各布 席洛·格林 詹妮弗·李·杰克逊 特里·刘易斯 吉米·帕伦博 西蒙·德兰尼 丹妮尔·布里瑟布瓦 基恩·鲁弗洛 尼古拉斯·丹尼尔·冈萨雷斯 麦迪·科尔曼 阿雅·卡什 大卫·彭德尔顿 保罗·罗梅罗 安德鲁·塞伦 凯伦·皮特曼 罗恩·沃斯,约翰·卡尼,2013,104分钟
剧情 爱情 动画,秒速5厘米 秒速5センチメートル,　　如果，樱花掉落的速度是每秒5厘米，那么两颗心需要多久才能靠近？,水桥研二 近藤好美  尾上绫华 花村怜美 水野理纱,新海诚,2007,63分钟
剧情 奇幻 古装,青蛇,　　南宋是一个人妖难分的时期，法海和尚（赵文卓饰）到处收服妖精，也扰乱了在西湖底修炼的白青二蛇。青（张曼玉饰）曾获白（王祖贤饰）相救，二者便以姐妹相称。姐妹俩受惑佯装成人生活在民间，白更嫁于老实书生许仙，青也同时看上了许仙，便常常以媚态勾引许仙，无奈许仙只深爱白一个。白开设了药店，以为可以自此过上安定的生活，可许仙却受不了青的百般挑逗，更发现了青白二蛇的真实身份，可他却不舍得离开家中的天姿国色。法海得知了青白二蛇的下落，更抓走了许仙。原来白为了爱情放弃修成正果，更怀有了身孕。为了救回丈夫，二蛇与法海展开了搏斗……,张曼玉 王祖贤 赵文卓 吴兴国 马精武 田丰 刘洵,徐克,1993,99分钟
剧情 喜剧 音乐,海盗电台 The Boat That Rocked,　　1966年英国，北海上飘扬着一条游艇，这里有一群充满了摇滚梦想的年轻人，在24小时不间断播着自己喜欢的音乐，他们叫做海盗电台。全英国的年轻人，无论种族、信仰，都热衷于海盗电台的音乐。被学校开除的卡尔（汤姆•斯图里奇TomSturridge饰）被海盗电台的首领昆汀（比尔•奈伊BillNighy饰）引荐入伙。通过游戏，他逐渐认识这些激情四射的DJ，其中，头牌DJ大胡子科特（菲利普•塞默•霍夫曼PhilipSeymourHoffman饰）是个善于拿音乐说事的美国佬；戴夫虽然大腹便便却颇讨女孩喜欢……羞涩的卡尔似乎总是难以融入，对于喜欢的女孩也手足无措。2年前离开的DJ加文（瑞斯•伊凡斯RhysIfans饰）突然回归让科特面临危机，而西蒙则发现与妻子艾兰诺的婚姻另有隐情。与此同时，政府高官与国家电台却开始注意到这些无政府主义的小团伙...,比尔·奈伊 肯尼思·布拉纳 菲利普·塞默·霍夫曼 尼克·弗罗斯特 汤姆·斯图里奇 瑞斯·伊凡斯 瑞斯·达比 克里斯·奥多德 妲露拉·莱莉 凯瑟琳·帕金森 杰克·达文波特,理查德·柯蒂斯,2009,116 分钟
喜剧 动画 冒险,头脑特工队 Inside Out,　　可爱的小女孩莱莉（凯特林·迪亚斯KaitlynDias配音）出生在明尼苏达州一个平凡的家庭中，从小她在父母的呵护下长大，脑海中保存着无数美好甜蜜的回忆。当然这些记忆还与几个莱莉未曾谋面的伙伴息息相关，他们就是人类的五种主要情绪：乐乐（艾米·波勒AmyPoehler配音）、忧忧（菲利丝·史密斯PhyllisSmith配音）、怕怕（比尔·哈德尔BillHader配音）、厌厌（敏迪·卡灵MindyKaling配音）和怒怒（刘易斯·布莱克LewisBlack配音）。乐乐作为团队的领导，她协同其他伙伴致力于为小主人营造更多美好的珍贵回忆。某天，莱莉随同父母搬到了旧金山，肮脏逼仄的公寓、陌生的校园环境、逐渐失落的友情都让莱莉无所适从，她的负面情绪逐渐累积，内心美好的世界渐次崩塌。,艾米·波勒 菲利丝·史密斯 理查德·坎德 比尔·哈德尔 刘易斯·布莱克 敏迪·卡灵 凯特林·迪亚斯 戴安·琳恩 凯尔·麦克拉克伦 波拉·庞德斯通 鲍比·莫尼汉 宝拉·佩尔 大卫·戈尔兹 弗兰克·奥兹 乔什·库雷 弗利 约翰·拉岑贝格 卡洛斯·阿拉斯拉奇 皮特·萨加尔 拉什达·琼斯 罗里·艾伦 约翰·齐甘 雪莉·琳恩 拉瑞恩·纽曼 帕丽斯·冯·戴克,"彼特·道格特,罗纳尔多·德尔·卡门",2015,95分钟
动画 奇幻 冒险,哪吒闹海,　　商末时期，陈塘关总兵李靖的夫人怀胎3年6个月，最终生下一个肉球，肉球中跳出一个伶俐可爱的男孩。李靖原当他是妖孽欲杀之而后快，幸太乙真人前来收之为徒，赐名哪吒，并赐以乾坤圈和混天绫两件宝贝。某年，天下大旱，甘露未降。哪吒和家将到东海洗澡玩耍。他用混天绫搅动海水，撼动龙宫，惹出巡海夜叉李艮和龙王三太子敖丙。几番言语不和，哪吒杀此二人，由此闯下通天大祸。四海龙王齐聚陈塘关索命，为救一方百姓，哪吒决定交出生命……,梁正晖 邱岳峰 毕克 富润生 尚华 于鼎,"严定宪,王树忱,徐景达",1979,65分钟
剧情 家庭,房间 Room,　　女孩乔伊（布丽·拉尔森BrieLarson饰）被一个叫“老尼克”的男人拐骗，之后被他囚禁在其房子后院的棚屋里长达七年之久。在此期间她遭到强奸，并生下儿子杰克（雅各布·特伦布莱JacobTremblay饰）。靠着老尼克时不时的物资补给，母子二人艰难度日。尽管如此，母亲还是竭尽所能，为儿子杰克创造了一个安全而开心的成长空间。这个狭小逼仄的房间，成了杰克生活成长的神奇小天地。在杰克度过了他的五岁生日后，母亲决定告诉他真相，在这个小小的房间外面，有着更广阔的世界。他们开始策划逃跑计划，决心要逃出这个囚禁他们的房间……,布丽·拉尔森 雅各布·特伦布莱 琼·艾伦 肖恩·布里吉格斯 威廉姆·H·梅西 梅根·帕克 阿曼达·布鲁盖尔 卡斯·安瓦尔 乔·平格 温迪·古逊 兰道尔·爱德华 杰克·富尔顿 汤姆·麦卡穆斯,伦尼·阿伯拉罕森,2015,118分钟
剧情 家庭,东京物语 東京物語,　　儿女们都大了，各自成家。父亲周吉（笠智众饰）和老伴（东山千荣子饰）要去东京看望他们，老两口带着愉快心情上路。可另一边，还没等他们到大儿子家，孙子就因为爷爷奶奶到来腾地方哭闹不停。老人开始觉得尴尬，大儿子幸一（山村聪饰）在东京当医生，二女儿繁（杉村春子饰）在东京开美容店，二儿媳纪子（原节子饰），小女儿京子（香川京子饰）外，大阪还有三子敬三。,笠智众 原节子 杉村春子 东山千荣子 山村聪 香川京子,小津安二郎,1953,136 分钟
剧情 悬疑 犯罪 奇幻,绿里奇迹 The Green Mile,　　狱监保罗（汤姆•汉克斯TomHanks饰）这天迎来了一位不平凡的杀人犯――约翰•考夫利（迈克•克拉克•邓肯MichaelClarkeDuncan饰）。约翰因杀了两名幼女被判死刑来到了这座著名的冷山监狱，监狱里有一片称为“绿里”的绿地，绿地那头就是刑场。,汤姆·汉克斯 大卫·摩斯 迈克·克拉克·邓肯 邦尼·亨特 詹姆斯·克伦威尔 迈克尔·杰特 格雷厄姆·格林 道格·休切逊 山姆·洛克威尔 巴里·佩珀 杰弗里·德曼 派翠西娅·克拉克森 哈利·戴恩·斯坦通 戴布思·格里尔 伊芙·布伦特,弗兰克·德拉邦特,1999,189 分钟
剧情 惊悚 犯罪,末路狂花 Thelma & Louise,　　该片被认为是向男权社会发出抗争的女性主义电影代表作。,吉娜·戴维斯 苏珊·萨兰登 哈威·凯特尔 迈克尔·马德森 布拉德·皮特,雷德利·斯科特,1991,130 分钟
动作 科幻,终结者2：审判日 Terminator 2: Judgment Day,　　上一部中，超级电脑“天网”阻止人类抵抗领袖约翰·康纳诞生的行动失败，时隔13年后，在“审判日”到来之前，“天网”派出了更加先进的生化机器人T-1000（罗伯特·帕特里克饰）从公元2029年回到洛杉矶追杀已经长大的约翰，与此同时，约翰也派出了机器人T-800（阿诺·施瓦辛格饰）回去保护年幼的自己。,阿诺·施瓦辛格 琳达·汉密尔顿 爱德华·福隆 罗伯特·帕特里克 阿尔·伯恩 乔·莫顿 埃帕莎·默克森 卡斯图罗·格雷拉 丹尼·库克塞 詹妮特·戈德斯坦恩 山德·贝克利 莱思莉·汉密尔顿·格伦,詹姆斯·卡梅隆,1991,137分钟
动作 冒险,勇闯夺命岛 The Rock,　　美国海军陆战队法兰（艾德•哈里斯EdHarris饰）将军因不满政府对退伍、战死军人及其家属的补偿和福利不满，率领部下将美军最新研制的生化武器――VX毒气弹――偷运到罗克岛，劫持了81名正在该岛观光的游客，控制了该岛。要挟美国政府48小时内支付1亿元赎金否则将杀死人质并用毒气弹袭击旧金山。,肖恩·康纳利 尼古拉斯·凯奇 艾德·哈里斯 约翰·斯宾塞 大卫·摩斯 威廉·弗西斯 迈克尔·比恩 瓦内萨·马赛尔 约翰·C·麦金雷 托尼·托德 博基姆·伍德拜因 格雷格·科林斯 布伦丹·凯利 史蒂夫·哈里斯 吉姆·卡维泽,迈克尔·贝,1996,136分钟
爱情 科幻 悬疑 惊悚,源代码 Source Code,　　在阿富汗执行任务的美国空军飞行员科特史蒂文斯上尉（杰克·吉伦哈尔JakeGyllenhaal饰）突然惊醒，发现自己在一辆高速行驶的列车上，而他的身边坐着一个素不相识的女子克里斯蒂安（米歇尔·莫娜汉MichelleMonaghan饰）正在与自己讲话。科尔不知自己为什么会在这辆车上，而且他发现自己居然是以另一个人的身份存在，正当他迷惑不解的时候，列车上忽然发生爆炸……,杰克·吉伦哈尔 维拉·法米加 米歇尔·莫纳汉 杰弗里·怀特 拉塞尔·皮特斯 詹姆斯·A·伍兹 迈克尔·阿登 乔·柯布登  卡斯·安瓦尔,邓肯·琼斯,2011,93分钟
剧情 科幻,这个男人来自地球 The Man from Earth,　　一个普通男人的秘密在他的辞职事件中开始显示出端倪。历史教授约翰奥德曼（DavidLeeSmith饰）说自己身上有一个让大家都匪夷所思的秘密，而为了保守这个秘密他不能在一个地方超过十年。他的朋友们试图去发掘他的故事中的秘密，这一举动让约翰非常生气，而他的朋友却发现约翰的故事是无法被否定也无法查证的，究竟约翰身上有着怎样的秘密？一幕幕碎片联系起来，带给我们一个意料之外的故事高潮。,大卫·李·史密斯 托尼·托德 约翰·比灵斯列 安妮卡·彼得森 阿丽西丝·索普 威廉姆·卡特 理查德·里尔 艾伦·克劳福德 史蒂文·利特尔 罗比·布赖恩,理查德·沙因克曼,2007,87 分钟
剧情 动作 武侠 古装,新龙门客栈 新龍門客棧,　　宦官专权的明朝中叶，东厂曹少钦（甄子丹）假造圣旨杀害了忠良杨宇轩，并想斩草除根杀死其后代。侠女邱莫言（林青霞）、江湖义士贺虎等人冒死救出忠良后代后，逃至边关沙漠里的龙门客栈，与杨宇轩部下周淮安（梁家辉）会合。龙门客栈实则黑店，老板娘金镶玉（张曼玉）利用乱世，以美貌和风骚作诱饵杀人越货聚敛钱财，但她却为英俊潇洒的周淮安动了真心。为了摸清潜藏于龙门客栈中的出关暗道，周淮安将计就计，答应与金镶玉成亲。,张曼玉 林青霞 梁家辉 甄子丹 熊欣欣 刘洵 任世官 吴启华 袁祥仁 徐锦江 郑希怡 王彤川 王伟顺 蔡浩,李惠民,1992,88分钟
动作 科幻,黑客帝国3：矩阵革命 The Matrix Revolutions,　　第二集中，尼奥（基努·里维斯KeanuReeves饰）没有能从内部摧毁“母体”，他的身体在真实世界的飞船上陷于昏迷，思想却被困在介于“母体”和真实世界的中间地带，这个地方由“火车人”控制。墨菲斯（劳伦斯·菲什伯恩LaurenceFishburne饰）和崔妮蒂（凯瑞-安·莫斯Carrie-AnneMoss饰）等人知道了尼奥的情况，在守护天使的带领下，找到了“火车人”的控制者梅罗纹奇，经过一番激斗，将尼奥救了出来。,基努·里维斯 劳伦斯·菲什伯恩 凯瑞-安·莫斯 莫妮卡·贝鲁奇 凯特·宾汉 雨果·维文 贾达·萍克·史密斯 邹兆龙 朗贝尔·维尔森,"莉莉·沃卓斯基,拉娜·沃卓斯基",2003,129 分钟
剧情 爱情 战争,卡萨布兰卡 Casablanca,　　二战期间，卡萨布兰卡是欧洲逃往美国的必经之地，那里鱼龙混杂，局势紧张。里克（亨佛莱•鲍嘉HumphreyBogart饰）是一个神秘的商人，他在卡萨布兰卡开了一家人气很旺的夜总会，并拥有两张宝贵的通行证。一天，反纳粹人士维克多和妻子伊尔莎（英格丽•褒曼IngridBergman饰）来到夜总会，原来他们正在逃避纳粹的追捕。碰巧的是，里克发现，伊尔莎竟然是他的旧日情人。那段爱曾经刻骨铭心，却因为一个误会而终止。而当误会消解时，伊尔莎和里克的感情还是不可避免的重燃了。里克手上的两张通行证能帮助维克多度过难关，但这样一来，伊尔莎是决定留下，还是离去，他们的爱情在政治和伦理的推波逐流中走向何方。,亨弗莱·鲍嘉 英格丽·褒曼 保罗·亨雷德 克劳德·雷恩斯 康拉德·韦特 西德尼·格林斯垂特 彼得·洛 杜利·威尔逊,迈克尔·柯蒂斯,1942,102 分钟
剧情 同性 传记 战争,模仿游戏 The Imitation Game,　　二战期间，盟军苦于德国的秘密系统”英格玛“无法破译，政府召集了一批民间数学家、逻辑学家进行秘密破解工作，图灵（本尼迪克特·康伯巴奇BenedictCumberbatch饰）就是其中之一。计划刚开始图灵遭到了以休（马修·古迪MatthewGoode）为首的组员和领导的排斥，幸好军情处部长孟席斯（马克·斯特朗MarkStrong饰）帮助他立项研究破译密码的机器，而图灵则变成了负责人，招收了新的成员琼（凯拉·奈特莉KeiraKnightley）开始了艰难的工作。琼很快就迷上了图灵，由于她的帮助所有组员空前的团结，并于两年后成功破解德军的密码。图灵一度与琼订婚，但实际上他隐瞒了一个秘密，因为这个秘密他也遭受了非人的待遇……,本尼迪克特·康伯巴奇 凯拉·奈特莉 马修·古迪 罗里·金奈尔 艾伦·里奇 马修·比尔德 查尔斯·丹斯 马克·斯特朗 詹姆斯·诺斯科特 汤姆·古德曼-希尔 史蒂芬·威丁顿 伊兰·古德曼 杰克·塔尔登 埃里克斯·劳瑟 杰克·巴农,莫滕·泰杜姆,2014,114分钟
剧情 传记 冒险,荒野生存 Into the Wild,　　影片改编自真实的故事，展现了一个理想主义者的传奇，一个流浪的故事。,埃米尔·赫斯基 马西娅·盖伊·哈登 威廉·赫特 吉娜·马隆 布莱恩·H.德里克 凯瑟琳·基纳 文斯·沃恩 克里斯汀·斯图尔特 哈尔·霍尔布鲁克 扎克·加利凡纳基斯,西恩·潘,2007,148分钟
动作 科幻 惊悚 犯罪,变脸 Face/Off,　　凯斯特（尼古拉斯•凯奇NicolasCage饰）是一个恐怖分子，他本想杀死探员西恩（约翰•特拉沃塔JohnTravolta饰），却误杀了西恩的儿子，西恩更与凯斯特结下不共戴天之仇。在逮捕凯斯特归案之后，他以为可以划上句号，却得知凯斯特已经把一枚毒气炸弹投放在某个人群密集的角落。,约翰·特拉沃尔塔 尼古拉斯·凯奇 琼·艾伦 亚历桑德罗·尼沃拉 吉娜·格申 多米尼克·斯万 尼克·卡萨维茨 哈威·普雷斯内尔 科鲁姆·费奥瑞 约翰·卡洛·林奇 希·庞德 罗伯特·维斯多姆 赵牡丹 詹姆斯·丹顿 马特·罗斯 克里斯·鲍尔 迈尔斯·杰弗里 大卫·麦克库利 托马斯·简 汤米·弗拉纳根 达纳·史密斯 罗密·温莎 保罗•希普 柯克·鲍兹 劳伦·辛克莱尔 本·里德 丽莎·博伊尔 琳达·霍夫曼 丹尼·马斯特森 迈克尔·罗查 麦克·韦柏 梅根·保罗 诺姆·卡普顿,吴宇森,1997,138分钟
纪录片,迁徙的鸟 Le peuple migrateur,　　当鸟儿用羽翼去实现梦想，翱翔在我们永远无法凭借自身企及的天空，人类又该赋予他们怎样的赞叹呢？,雅克·贝汉,"雅克·贝汉, 雅克·克鲁奥德,米歇尔·德巴",2001,98分钟(法国)
剧情 喜剧 爱情,城市之光 City Lights,　　他是一个流浪汉（查理·卓别林CharlesChaplin饰），身无分文，遇上了双目失明的卖花女，却不忍袖手旁观。他想尽办法去凑够费用，供卖花女治病。一天，他搭救了一个富翁，富翁当晚和他称兄道弟，第二天却翻脸不认人。本来打算向他求助的主意行不通了。流浪汉去参加拳击比赛，以图获得奖金，却输得一败涂地。谁知这时重遇富翁，二人不计前嫌，富翁答应出钱资助卖花女。在交给流浪汉1000元后，富翁遭到偷袭，身上剩下的钱被强盗抢走。流浪汉奋不顾身去追赶，却因为误会被警察押回警局坐牢。另一方面，流浪女凭借流浪汉的资助重获光明，开了一家体面的花店。,查理·卓别林 弗吉尼亚·切瑞尔 佛罗伦斯·李 亨利·伯格曼 珍·哈露,查理·卓别林,1931,87 分钟
剧情 科幻,E.T. 外星人 E.T.: The Extra-Terrestrial,　　小埃利奥特（亨利托马斯）发现一个意外走失的小外星人，他悄悄的收留了小外星人，并把他介绍给自己的哥哥和妹妹。孩子们与外星人友好的相处，给他吃巧克力，带他去郊外寻找家人留下的痕迹，并为小外星人的种种特异功能兴奋不已。渐渐的埃利奥特与外星人之间形成了某种奇妙的联系，跨越了言语沟通的障碍。,亨利·托马斯 迪·沃伦斯 罗伯特·麦克纳夫顿 德鲁·巴里摩尔 彼德·考约特,史蒂文·斯皮尔伯格,1982,115分钟
剧情 爱情 家庭,美国丽人 American Beauty,　　莱斯特（凯文·史派西KevinSpacey饰）跟许多中年男人一样，遇到了各种各样的人生难题。他在一个广告公司工作，成绩平平，但是妻子却比他混得出色，一派女强人作风。这个平凡的男人还有一个未成年的女儿珍妮（索拉·伯奇ThoraBirch饰）。,凯文·史派西 安妮特·贝宁 索拉·伯奇 韦斯·本特利 米娜·苏瓦丽 彼得·盖勒 艾莉森·珍妮 克里斯·库珀 斯科特·巴库拉 山姆·洛巴兹 巴里·德尔·舍曼 阿若·希利 约翰·赵 肯特·法尔考 希瑟·乔伊·谢尔 切尔西·赫特福德 安贝尔·史密斯 乔尔·麦克拉里 玛丽莎·贾里特·威诺克 丹尼斯·安德森,萨姆·门德斯,1999,122分钟
剧情 科幻 犯罪,发条橙 A Clockwork Orange,　　阿利斯（马尔科姆•麦克道尔）是一位无恶不作的少年，他的特殊喜好是边听贝多芬的交响曲边奸淫女性，某次他进入一所别墅抢劫一番后，打残了该别墅的主人——一名小说家，并用特殊喜好蹂躏了其妻子。后来因为杀了一名单身女子，阿利斯入狱并接受了特殊的人格治疗，出狱后，他对淫乐之事产生彻底的厌倦。,马尔科姆·麦克道威尔 帕特里克·马基 迈克尔·贝茨 沃伦·克拉克 约翰·克莱夫,斯坦利·库布里克,1971,136 分钟
西部 冒险,"黄金三镖客 Il buono, il brutto, il cattivo.",　　故事发生在美国南北战争时期。图科（埃里•瓦拉赫EliWallach饰）是一个图财害命的江洋大盗，因此他被镇上悬赏通缉。布兰迪（克林特•伊斯特伍德ClintEastwood饰）是一个除暴安良的牛仔，他无意中抓住了图科，但嫌赏金不够又掳走了他。在荒漠中，布兰迪惩罚图科让其自生自灭。但是诡诈的图科居然逃过了一劫，并纠集一些帮凶在客栈捉住了布兰迪。正当图科以牙还牙折磨布兰迪的时候，他劫持了一个名叫卡森的士兵。后者临死前留下了宝藏的秘密，图科和布兰迪分别获得了一半信息。与此同时，一个狡猾的杀手桑坦萨（李•范•克里夫LeeVanCleef饰）也通过其他渠道发现了宝藏的秘密。于是，在寻宝的道路上，三个人使出浑身解数，上演了一场场对决的好戏……,克林特·伊斯特伍德 埃里·瓦拉赫 李·范·克里夫 阿尔多·久弗瑞 路易吉·皮斯蒂利,赛尔乔·莱翁内,1966,161 分钟
剧情 犯罪,无耻混蛋 Inglourious Basterds,　　故事分五章进行。二战中德占法国，德军上校汉斯（克里斯托弗·瓦尔兹ChristophWaltz饰）号称“犹太猎人”，在一次屠犹行动中，少女苏珊娜（梅勒尼·劳伦特MélanieLaurent饰）侥幸逃脱。与此同时，八名美国犹太士兵在中尉奥尔多（布拉德·皮特饰）的带领下潜入德占法国刺杀德国军人，其行动神出鬼没，手法残忍，对德军造成相当威胁，被称为“杂种”。三年后苏珊娜来到巴黎继承了姑母的电影院，结识了德国战斗英雄，电影《国家荣耀》的主演弗里德里克（丹尼尔·布鲁赫DanielBrühl饰）。对苏珊娜一见钟情的弗里德里克说服德国宣传部长约瑟夫·戈培尔（西尔维斯特·格洛斯SylvesterGroth饰）在苏珊娜的影院首映《国家荣耀》，希特勒（马丁·乌特克MartinWuttke饰）本人也将出席。苏珊娜决定借放映之机烧毁影院；而在...,布拉德·皮特 梅拉尼·罗兰 克里斯托弗·沃尔兹 伊莱·罗斯 迈克尔·法斯宾德 黛安·克鲁格 丹尼尔·布鲁尔 蒂尔·施威格 哥德昂·布克哈德 雅基·伊多 B·J·诺瓦克 奥玛·杜姆 奥古斯特·迪尔 德尼·梅诺谢 西尔维斯特·格罗特 蕾雅·赛杜,昆汀·塔伦蒂诺,2009,153分钟
剧情 喜剧 爱情,初恋这件小事 สิ่งเล็กเล็กที่เรียกว่า...รัก,　　初中生小水相貌平平，家境一般，所以在学校里并不受重视。但是她心地善良，又有一群死党，日子过得倒也开心。某天，她遇见了帅气的学长阿亮（马里奥·毛瑞尔MarioMaurer饰），春心萌动，无法遏制。她喜欢看他踢足球，看他拍照，如痴如狂。上英语课时，她不停地给死党传纸条表达对阿亮的爱慕。然而，英语老师则指出她除了英语一无是处。回到家，叔叔从美国捎来了父亲的消息，说如果她能考全校第一，就可以去美国。于是，她按下决心要努力加油。某天，小水等人在买饮料时，碰到篮球队员蛮横插队。阿亮挺身而出，为她们教训了对方，并挨了校长的责骂。小水也第一次听说，阿亮的父亲因为射失点球而退役的事情，理解了他心中的隐痛。由于舞蹈队是给美女准备的，所以小水等一干姐妹准备在话剧社大展身手，没想到学长也来到这个社团。两人还扮演王子公主，他们的恋情会由此展开么？……,平采娜·乐维瑟派布恩 马里奥·毛瑞尔 苏达拉·布查蓬 雅尼卡·桑普蕾舞 诺特·阿查拉那·阿瑞亚卫考 皮拉瓦特·赫拉巴特 普特鹏·普罗萨卡·那·萨克那卡林 华森·波克彭,"普特鹏·普罗萨卡·那·萨克那卡林,华森·波克彭",2010,118分钟(泰国)
剧情 爱情 战争,英国病人 The English Patient,　　一段爱情，在战火中燃烧，逾越了道德，改变了战局。艾马殊（拉尔夫•费因斯RalphFiennes饰）是一个历史学者，跟随探险家来到撒哈拉沙漠考察，结识了绘制地图的飞机师杰佛和他妻子凯瑟琳（克里斯汀•斯科特•托马斯KristinScottThomas饰）。凯瑟琳的才气和美丽让艾马殊深深着迷，两人在沙漠一个幽深洞穴参观壁画时，更加发现彼此志趣相投。,拉尔夫·费因斯 克里斯汀·斯科特·托马斯 朱丽叶·比诺什 威廉·达福 科林·费尔斯 纳威恩·安德利维斯,安东尼·明格拉,1996,162分钟
剧情 犯罪,燕尾蝶 スワロウテイル,　　母亲死后，原本生活在被大量外国移民视为淘金天堂的“元都”少女被送到妓女固力果（卓娜）处，将少女暂时收留后，固力果依据纹在胸前的蝴蝶给她取名凤蝶（伊藤步）。不久，凤蝶在固力果的带领下于名为“青空”的废品安置区兼汽车修理站，结识了火飞鸿、狼朗等来自不同国家的“元盗”，并逐渐与他们熟识成为好友。,恰拉 伊藤步 三上博史 江口洋介 渡部笃郎 许志安 山口智子 大塚宁宁 小桥贤儿 顾晓东 洞口依子 田口智朗 铃木庆一 盐见三省 渡边哲 酒井敏也 五十岚信次郎 桃井薰 浅野忠信,岩井俊二,1996,148分钟
剧情,一个叫欧维的男人决定去死 En man som heter Ove,　　欧维（罗夫·拉斯加德RolfLassgård饰）是一个刻板而又固执的老头，他的妻子半年前死于疾病，留他一人生活在这个混乱不堪的世界之中。每天早晨，欧维都会定时在社区里进行巡视，确认所有的车辆都停在应停的位置，呵斥违反规定私自驶入社区的车辆，赶走四处乱转破坏环境的猫狗，在社区居民眼里，欧维是“来自地狱的恶邻”，可每个人都明白，这其实是欧维对于社区爱之深刻的表现。,罗夫·拉斯加德 巴哈·帕斯 托比亚斯·阿姆博瑞 菲利普·伯格 安娜-莱娜·布伦丁 博瑞·伦贝里 埃达·英格薇 弗雷德里克·埃弗斯 玛德琳·雅各布松 查特里娜·拉松 杰克尔·法尔斯特伦,汉内斯·赫尔姆,2015,116分钟
剧情 爱情,爱在午夜降临前 Before Midnight,　　被影迷奉为爱情圭臬的《爱在黎明破晓前》、《爱在日落黄昏时》终于迎来了第三部《爱在午夜降临前》。第一部中美国青年杰西（伊桑·霍克EthanHawke饰）坐火车邂逅法国女孩赛琳（朱莉·德尔佩JulieDelpy饰），两人在维也纳度过难忘一晚；9年后的第二部，杰西已成为作家，他的小说让他和赛琳在巴黎重逢，两人于日落前再续前缘。如今又一个9年过去了，杰西与赛琳已经一起生活并有了一对双胞胎女儿，对人生和爱情也有了更多感悟。《爱在午夜降临前》就是撷取他们在希腊伯罗奔尼撒南部小岛度假的最后一天。,伊桑·霍克 朱莉·德尔佩 肖姆斯·戴维-菲茨帕特里克 詹妮弗·普里尔 夏洛特·普里尔,理查德·林克莱特,2013,109分钟
剧情 爱情 动画,你的名字。 君の名は。,　　在远离大都会的小山村，住着巫女世家出身的高中女孩宫水三叶（上白石萌音配音）。校园和家庭的原因本就让她充满烦恼，而近一段时间发生的奇怪事件，又让三叶摸不清头脑。不知从何时起，三叶在梦中就会变成一个住在东京的高中男孩。那里有陌生的同学和朋友，有亲切的前辈和繁华的街道，一切都是如此诱人而真实。另一方面，住在东京的高中男孩立花泷（神木隆之介配音）则总在梦里来到陌生的小山村，以女孩子的身份过着全新的生活。许是受那颗神秘彗星的影响，立花和三叶在梦中交换了身份。他们以他者的角度体验着对方的人生，这期间有愤怒、有欢笑也有暖心。只是两人并不知道，身份交换的背后隐藏着重大而锥心的秘密……,神木隆之介 上白石萌音 长泽雅美 市原悦子 成田凌 悠木碧 岛崎信长 石川界人 谷花音 寺杣昌纪 大原沙耶香 井上和彦 茶风林 加藤有花 花泽香菜 寺崎裕香,新海诚,2016,106分钟
剧情 悬疑 惊悚 犯罪,非常嫌疑犯 The Usual Suspects,　　美国加州的圣佩雷罗港一艘货轮爆炸，死亡27人，9000万美元失踪。事故发生以后，联邦调查局探员白基奇在医院等待昏迷不醒的幸存者；海关特派员大卫（查兹•帕明特里饰）则对另外一名拿到特赦令的幸存者金特（凯文•史派西饰）进行了审问。,史蒂芬·鲍德温 加布里埃尔·伯恩 本尼西奥·德尔·托罗 凯文·波拉克 凯文·史派西 查兹·帕尔明特瑞 皮特·波斯尔思韦特 苏茜·爱米斯 吉安卡罗·埃斯波西托 丹·哈达亚 保罗·巴特尔 卡尔·布瑞斯勒 菲力浦·西蒙 杰克·希勒 克里斯汀·艾斯布鲁克,布莱恩·辛格,1995,106分钟
剧情 传记,叫我第一名 Front of the Class,"　　BoBo（詹姆斯•沃克JamesWolk饰）患有先天性的妥瑞氏症，这种严重的痉挛疾病，导致他无法控制地扭动脖子和发出奇怪的声音。而这种怪异的行为，更是让他从小不被周围的人理解，在学校里老师经常批评他，同学们更是对他冷嘲热讽，就连他的父亲也对他失望透顶。只有他的母亲一直是他的坚实臂弯，母亲的坚持与鼓励，让他能够在正常人的生活里艰难前行。然而面对这个不能理解他的世界，BoBo一直在痛苦的漩涡里挣扎。直到在一次全校大会上校长在众人面前巧妙的让大家了解了BoBo的真实情况，让他有了成为一名关爱学生的教师的坚定梦想，即使因为这个病症让BoBo在寻求教师梦想的道路上遭到众人怀疑，屡屡受挫，但他始终坚持着自己的这份梦想,为了找到一个愿意接受自己的学校，不抛弃梦想，不放弃信念，默默的努力。而他曾经曲折的人生道路在他的坚持下也开始慢慢好转…",詹姆斯·沃克 特里特·威廉斯 多米尼克·斯科特·凯伊 莎拉·德鲁 凯瑟琳·约克 乔·克里斯特 帕翠西亚·希顿 约翰尼·帕卡 Charles Henry Wyson Charlie Finn,彼得·维纳,2008,95分钟
剧情 悬疑 惊悚,穆赫兰道 Mulholland Dr.,　　深夜的穆赫兰道发生一桩车祸，女子丽塔（劳拉·赫利LauraHarring饰）在车祸中失了忆。她跌跌撞撞来到一个公寓里藏身。,娜奥米·沃茨 劳拉·哈灵 安·米勒 贾斯汀·塞洛克斯 斯科特·科菲 梅利莎·乔治 布兰特·布里斯科 罗伯特·福斯特 凯瑟琳·汤 李·格兰特 比利·雷·赛勒斯 查德·艾微特 丽塔·塔格特 詹姆斯·凯伦 洛里·海瑞 安哲罗·巴达拉曼提 迈克尔·德·巴雷斯 马库斯·格雷厄姆 丹·哈达亚 马克·佩雷格里诺 蒙蒂·蒙特格美里 迈克尔·J·安德森,大卫·林奇,2001,147分钟
剧情 爱情 同性,请以你的名字呼唤我 Call Me by Your Name,　　故事发生在八十年代的意大利里维埃拉，每年夏天，十七岁的少年艾力奥（提莫西·查拉梅TimothéeChalamet饰）都会跟家人一起来此地度假。今年，和他们共享假日时光的，还有来自美国的奥利弗（艾米·汉莫ArmieHammer饰），高大英俊热情开朗的奥利弗很快就获得了艾力奥一家人的喜爱。,蒂莫西·柴勒梅德 艾米·汉莫 迈克尔·斯图巴 阿蜜拉·卡萨 艾斯特·加瑞尔 维克托瓦尔·杜·波依斯 旺妲·卡布里奥罗 安东尼奥·里莫尔迪 埃琳娜·布奇 马可·斯格罗索 安德列·艾席蒙 彼得·斯皮尔斯,卢卡·瓜达尼诺,2017,132分钟
喜剧 动画 奇幻 冒险,无敌破坏王 Wreck-It Ralph,　　无敌破坏王（约翰·C·赖利JohnC.Reilly配音）生活在一个80年代出品的低精度游戏中。他的设定身份是一个反派，每天的生活就是在游戏《快手阿修》中大搞破坏，其后由玩家操作的英雄人物快手阿修（杰克·麦克布瑞尔JackMcBrayer配音）会及时赶到进行修补，赢得奖牌，包揽一切荣耀。身为反派，破坏王厌倦了自己的生活，眼看阿修被胜利者的光环围绕，自己却日复一日在无趣中过活，他终于决定改变。单纯的他以为只要自己也能得到一枚奖牌，就可以摆脱反派的身份，于是某日在游戏厅歇业后，破坏王偷偷离开了自己的游戏，前去闯荡其他电子游戏的世界。,约翰·C·赖利 萨拉·西尔弗曼 杰克·麦克布瑞尔 简·林奇 艾伦·图代克 敏迪·卡灵 乔·洛·特鲁格里奥 艾德·奥尼尔 丹尼斯·海斯伯特 伊迪·迈克莱尔 雷蒙德·S·佩尔西 杰斯·哈梅尔 瑞秋·哈里斯 斯盖拉·阿斯丁 亚当·卡罗拉 霍拉提奥·桑斯 莫里斯·拉马奇 斯戴芬妮·斯考特 约翰·迪·玛吉欧 瑞奇·摩尔 凯蒂·洛斯 贾米·埃曼 乔西·特立尼达 辛贝·沃克 塔克·吉莫尔 布兰登·斯考特 蒂姆·梅尔滕斯 凯文·迪特斯 杰洛·里佛斯 马丁·贾维斯 布莱恩·克辛格 罗杰·克莱格·史密斯 菲尔·约翰斯顿 鲁本·兰登 凯尔·赫伯特 洁米·斯贝勒·罗伯茨 尼克·格里姆肖,瑞奇·摩尔,2012,101分钟
剧情 家庭 运动,勇士 Warrior,　　这是一个破碎的家庭，酗酒的教练父亲帕迪（尼克·诺特NickNolte饰）家暴妻子，次子汤米（汤姆·哈迪TomHardy饰）与不堪忍受的母亲远赴他乡；长子布兰登（乔尔·埃哲顿JoelEdgerton饰）为了爱情选择留下，并认为从此可以得到父亲的器重与栽培，然而最后父子还是分道扬镳。时隔多年后，汤米带着母亲痛苦死去的悲伤记忆，以及在伊战中的惨痛经历找到父亲，要求后者再度担任自己的教练，以参加MMA的重奖大赛；几乎与此同时，昔日的职业格斗选手、如今的中学物理教师布兰登为金钱所困扰，他不能忍受自己无法为妻女提供庇护，决定重返赛场。在MMA的赛场上，这对分离多年的兄弟将再度聚首，用血与汗的交融，化释彼此的心结……,汤姆·哈迪 乔尔·埃哲顿 尼克·诺特 詹妮弗·莫里森 弗兰克·格里罗 凯文·杜恩,加文·欧康诺,2011,140分钟
剧情,无人知晓 誰も知らない,　　新搬来的公寓这家人是母亲惠子（You饰）带着四个孩子：明（柳乐优弥饰）、京子、茂、雪。但母亲却得对周围的人们撒谎说丈夫去海外工作，自己与长子两个人在一起生活。事实是其它三名弟妹是“黑孩子”，因为四个孩子有着各自不同的父亲。他们一直呆在家中，没有去学校上学。,柳乐优弥 北浦爱 木村飞影 清水萌萌子 韩英惠 江原由希子 串田和美 冈元夕纪子 Takako Tate 加濑亮 村野友希 田中庆太 木村佑一 远藤宪一 寺岛进 平泉成,是枝裕和,2004,141分钟
喜剧 犯罪,疯狂的石头,　　重庆一间工艺品厂已经濒临倒闭，却不料在拆倒旧厂房的时候，发现了厕所里的一件宝物——一块价值连城的翡翠。厂里决定用这块翡翠举办一个展览，赚些钱发拖欠了几个月的工人工资。期间由工艺品厂保卫科长包世宏（郭涛饰）负责看守这件宝物。但是，国际大盗麦克与本地一帮小偷却让包世宏一筹莫展，他们各施其技接近翡翠，展览馆开始了一场明争暗斗的较量。黑色幽默也开始幕幕上演。翡翠的价值几何？最后谁是胜出者？事情远没有表面那么简单……,郭涛 刘桦 连晋 黄渤 徐峥 优恵 罗兰  王迅,宁浩,2006,106 分钟(香港)
剧情 传记 历史,国王的演讲 The King's Speech,　　约克郡公爵（柯林·菲尔斯ColinFirth饰）因患口吃，无法在公众面前发表演讲，这令他接连在大型仪式上丢丑。贤惠妻子伊丽莎白（海伦娜·邦汉·卡特HelenaBonhamCarter饰）为了帮助丈夫，到处寻访名医，但是传统的方法总不奏效。一次偶然的机会，她慕名来到了语言治疗师莱纳尔罗格（杰弗里·拉什GeoffreyRush饰）的宅邸，传说他的方式与众不同。虽然公爵对罗格稀奇古怪的招法并不感兴趣，首次诊疗也不欢而散。但是，公爵发现在聆听音乐时自己朗读莎翁竟然十分流利。这让他开始信任罗格，配合治疗，慢慢克服着心理的障碍。乔治五世驾崩，爱德华八世继承王位，却为了迎娶寡妇辛普森夫人不惜退位。艾伯特临危受命，成为了乔治六世。他面临的最大挑战就是如何在二战前发表鼓舞人心的演讲……,科林·费尔斯 杰弗里·拉什 海伦娜·伯翰·卡特 盖·皮尔斯 迈克尔·刚本 蒂莫西·斯波 詹妮弗·艾莉 德里克·雅各比 安东尼·安德鲁斯 克莱尔·布鲁姆,汤姆·霍珀,2010,118分钟
喜剧,上帝也疯狂 The Gods Must Be Crazy,　　广袤无垠的非洲大陆，现代文明与原始社会和谐共存。在离现代大都市六千公里的卡拉哈里沙漠腹地，生活着仍未受到外来文明影响的布须曼人。他们刀耕火种，狩猎农作，过着与世无争、敬畏自然的平静生活。某天，一支来自现代文明的可乐瓶打乱了他们一成不变的日子。最先发现瓶子的基（N!xau饰）将其带回部落，族人惊叹可乐瓶子的完美构造和繁多的用途，认为这是上帝赐予他们的礼物。可是兴奋的心情很快为别样的情绪所取代，习惯了平等共有的族人开始想要将瓶子据为己有，矛盾悄然而生。基不愿看到族人发生争吵与殴斗，于是决定将可乐瓶还给上帝，只为恢复曾经平静快乐的生活……,Marius Weyers Sandra Prinsloo 历苏 Louw Verwey Michael Thys,加美·尤伊斯,1980,109 分钟
剧情 家庭,步履不停 歩いても 歩いても,　　“人生路上步履不停，为何总是慢一拍”。,阿部宽 夏川结衣 江原由希子 高桥和也 田中祥平 野本萤 林凌雅 寺岛进 加藤治子 树木希林 原田芳雄,是枝裕和,2008,115分钟
剧情 惊悚 冒险,血钻 Blood Diamond,　　九十年代非洲塞拉利昂，连连战火使这片土地饱受摧残，非法钻石贸易日益猖獗。,莱昂纳多·迪卡普里奥 杰曼·翰苏 詹妮弗·康纳利 阿诺德·沃斯洛 大卫·哈雷伍德 吉米·米斯特雷 麦克·辛 史蒂芬·柯林斯,爱德华·兹威克,2006,143 分钟
剧情 爱情 同性,蓝色大门 藍色大門,　　高中生孟克柔（桂纶镁饰）与林月珍（梁淑慧饰）是无话不谈的好友，月珍告诉克柔，说自己喜欢上了一个叫张士豪（陈柏霖饰）的男生，便常常要求克柔帮她接近张士豪，帮忙认识他、帮忙传递情书。没想到张士豪以为喜欢自己的是孟克柔，所以也常常借故接近她，跟她在一起。传递情书的事，被张贴出来，原来林月珍是以孟克柔的名义给张士豪写信，孟克柔非常生气而从而跟林月珍的关系疏远了。另一边厢孟克柔极不愿意承认她与张士豪之间是恋人的关系，可是张士豪已深深喜欢上她。孟克柔想跟男生接吻，因为她想清楚一件事，原来她心里，喜欢的是另外一个人。,陈柏霖 桂纶镁 梁又琳 仇政 明金成 林贤能 黄江丰 是元介 姚元浩 游智炜 翁桂邦 夏绍虞 陈梦萱 1976 (乐团),易智言,2002,85分钟
剧情 动作 犯罪,枪火 鎗火,　　黑社会老大文哥（高雄饰）被人追杀，其弟阿南（任达华饰）安排五个人来做其兄的保镖，并命令他们查出暗杀文哥的幕后人物。这五人分别是阿鬼（黄秋生饰）、阿来（吴镇宇饰）、阿MIKE（张耀扬饰）、阿信（吕颂贤饰）和阿肥（林雪饰）。阿来和阿信是知名的高手，阿鬼、阿MIKE、阿肥则是金盆洗手的昔日英雄：阿鬼是文哥以前的手下，阿MIKE是神枪手，阿肥是枪械专家。五人同心协力，将杀手擒获，并查清了幕后主使人。五个不认识的江湖人成为肝胆相照的好友，这时，阿南告诉阿鬼，阿信与文哥之妻通奸，要求阿鬼去杀死阿信，阿来坚决不允许这么做。阿MIKE和阿肥又分别支持阿来和阿鬼，最后他们约定在一家小餐厅解决这个问题，互相对准的枪口真是一触即发……,吴镇宇 任达华 黄秋生 吕颂贤 张耀扬 林雪 王天林 施绮莲 高雄,杜琪峰,1999,84分钟(香港)
剧情 悬疑 犯罪,大卫·戈尔的一生 The Life of David Gale,　　贝茜•布鲁姆（凯特温斯莱KateWinslet饰）是纽约某新闻杂志的知名记者，她接到了一个任务是去采访一名死刑犯大卫•戈尔（凯文•斯帕西KevinSpacey饰）。戈尔的罪名是强奸并谋杀了康丝坦斯•哈拉维，并将于周五下午6点被处以死刑，那么布鲁姆将要采访并记录的就是戈尔人生最后的三天，而此前戈尔拒绝了一切采访。布鲁姆起初对这个任务很不以为然，但在和戈尔的接触过程中，她发现一切并非表面呈现的那么简单，于是布鲁姆决定用仅剩的三天开始寻找真相……,凯文·史派西 凯特·温丝莱特 劳拉·琳妮 加布里埃尔·曼 梅丽莎·麦卡西 罗娜·迈特拉,艾伦·帕克,2003,130 分钟
科幻 悬疑 惊悚,彗星来的那一夜 Coherence,　　在一个静得有些诡异阴森的夜晚，年轻女子艾米丽（艾米丽·芭尔多尼EmilyBaldoni饰）驱车来到朋友家参加聚会。此前她一边开车一边和男友打电话，然而通话突然中断，她的手机屏也莫名其妙出现裂痕。这一事件让艾米丽的心中升起隐隐不安，因为当晚一颗彗星刚好接近地球，一个很久之前听过的传说使她对彗星的到来有着不祥的预感。稍后，朋友们落座，大家彼此交谈，叙说近况，虽然言语中有着许多莫名其妙、蹊跷反常的线索，然而均被一带而过。突然间，灯光尽灭。当光明重新来临时，众人发现附近只有一户人家还在亮灯，而亮灯人家里坐着的竟是……,艾米丽·芭尔多尼 莫瑞·史特林 尼古拉斯·布兰登 劳伦·斯卡法莉娅 伊丽莎白·格瑞斯 雨果·阿姆斯特朗 亚历克斯·马努吉安 劳伦·马赫,詹姆斯·沃德·布柯特,2013,89分钟
剧情 家庭,爱·回家 집으로...,　　为了方便找工作，妈领着7岁的相宇（俞承浩饰）去乡下的外婆家，想把他暂时留在那里。外婆（金亦芬饰）年事已高，不能说话也不识字。而一直生活在城市里的孙子相宇，刚开始无法适应连游戏机、电池都没得卖的乡下生活。他开始蛮横地流露出不满，抱怨这个抱怨那。为了买电池，偷走外婆的银头簪拿去卖；外婆得知孙子想吃炸鸡，却只理解到鸡肉，炖了只鸡给孙子吃，却被生气的相宇踢翻了。,金艺芬 俞承豪 童孝熙 闵京勋 任恩敬,李廷香,2002,80分钟
剧情 喜剧 冒险,遗愿清单 The Bucket List,　　老富翁爱德华•科尔（杰克•尼克尔森JackNicholson饰）近年来在公立医院的私有化改造事业中获利颇丰，他为节省成本，规定病房“一房两床”的做法颇受非议，但性格强势的科尔不以为意，岂料他不久被检查出罹患癌症，本欲入住单人病房的科尔在舆论压力下只得与另一位病人——老卡特（摩根•弗里曼MorganFreeman饰）同处一室。汽车修理技师老卡特博闻强识，将三个子女培养成才，但代价是牺牲了年轻时要做历史教授的梦想。曾经结婚多次如今却孤身一人的科尔逐渐对卡特产生了兴趣，两位老人在病房中结下了友谊。科尔偶然发现了卡特的“遗愿清单”，他决定运用自己的力量，让那些纸面上的疯狂构想一一实现，去发现人生的真正意义……,杰克·尼科尔森 摩根·弗里曼 西恩·海耶斯 贝弗利·陶德 罗伯·莫洛 阿方索·弗里曼 韦尔达·布里奇斯 伊恩·安东尼·代尔 诺尔·古格雷米,罗伯·莱纳,2007,97 分钟
剧情 爱情,我爱你 그대를 사랑합니다,　　飘雪的坡道上，送牛奶的老头子金万皙（李顺载饰）邂逅了收废品的老太太宋怡芬（尹秀晶饰）。他们的前半生各自背负着艰辛的人生：万皙年轻时我行我素，直到妻子病逝才深觉愧疚；怡芬被心爱的男人抛弃在城市角落，孩子夭折后至老未嫁。两位老人在每天凌晨寂静的街道上相遇，孤独而苦难的生活令他们渐渐靠近。在万皙孙女妍儿（宋智孝饰）的穿针引线下，如初恋般的悸动萌发在了彼此心中。万皙的朋友、停车场管理员张军峰（宋在河饰）一直耐心的看护着患有老年痴呆症的老伴。直到有一天，军峰得知老伴已患绝症。目睹她一次次痛苦病发，心如刀绞的军峰做出了悲伤的决定……,宋在浩 李顺载 尹秀晶 金秀美 宋智孝 吴达洙,秋昌旼,2011,118分钟
剧情 科幻,千钧一发 Gattaca,　　未来的世界，科技的力量胜过一切，基因决定命运，几乎成为金科玉律。不幸文森特（伊桑•霍克EthanHawke饰）是一个基因不良的人，出生以来就决定了他近视和心脏病的缺陷，他只能活到30岁。于是父母为文森特增添了一个有着优良基因的弟弟。,伊桑·霍克 乌玛·瑟曼 裘德·洛 艾伦·阿金 戈尔·维达尔 山德·贝克利 劳恩·迪恩,安德鲁·尼科尔,1997,106分钟
剧情 冒险,荒岛余生 Cast Away,　　查克（汤姆•汉克斯TomHanks饰）任职于美国联邦快递，他系统工程师的职业决定了他的生活忙碌、自律、充满时间紧迫感。而查克总能把一切工作都井井有序的安排在每天的日程里，时间就在他的控制之下。他无暇顾及的只是女朋友凯莉（海伦•亨特HelenHunt饰）。,汤姆·汉克斯 海伦·亨特 克里斯·诺斯 尼克·西塞,罗伯特·泽米吉斯,2000,143分钟
剧情 喜剧 动画,麦兜故事 麥兜故事,　　麦兜，一个长得不帅，头脑平平的小朋友。和妈妈麦太太，在香港一个叫大角咀的地方过着并不富裕却很快乐的生活。从麦兜带着妈妈的期望来到世界那一刻开始，他的脑海中一直飘满七彩幻想的泡泡。那个蓝天白云，椰林树影，水清沙白的童年的马尔代夫，那充满诱惑的圣诞火鸡的浓香，还有那个关于“抢包山”的奥运金牌的梦想，让麦兜平凡着他的平凡，却幸福着他的幸福。麦兜，和春田花花幼儿园的小朋友们一起，陪着我们，简单的在爱的呵护下慢慢长大。,李晋纬 林海峰 吴君如 黄秋生 Buxx Banner,袁建滔,2001,Japan: 75 分钟
剧情 爱情 奇幻,暖暖内含光 Eternal Sunshine of the Spotless Mind,　　内向沉稳的约尔•巴瑞斯（金•凯瑞饰）在一次聚会中认识了率真随性的克莱门汀•克罗斯基（凯特•温丝莱特饰），二人成为情侣。和普通的情侣一样，他们的日子也在甜蜜和争吵中度过。,金·凯瑞 凯特·温丝莱特 伊利亚·伍德 克斯汀·邓斯特 汤姆斯·杰·瑞恩 马克·鲁弗洛 简·亚当斯 大卫·克罗斯 汤姆·威尔金森 Amir Ali Said Brian Price Paulie Litt,米歇尔·贡德里,2004,108分钟
剧情 爱情 音乐,曾经 Once,　　这是一部由音乐开启的爱尔兰电影。　卖花女（MarketaIrglova）被街头艺人（GlenHansard饰）的音乐所吸引，开始了一段荡气回肠的浪漫故事。他们不是王子和公主，各自有着琐碎的生活，但是他们有个共同点，那就是对音乐的热爱。在一次合奏中，他们找到了彼此间惊人的默契。这个发现让他们兴奋，很快他们找到了另外的一个同伴，组成了一个乐队，并通过优秀的表现得到了专业人士的肯定。与此同时，爱情也在逐渐萌芽。音乐是这部电影最大的亮点之一，塑造了极其浪漫唯美的氛围。,格伦·汉塞德 玛可塔·伊尔格洛娃,约翰·卡尼,2007,85分钟
剧情 科幻 悬疑,月球 Moon,　　未来世界，随着科技的飞速进步，地球的污染也越来越严重。为了遏制这种现状，一家名为月能工业有限公司的企业应运而生。该公司致力于月球能源的开发，通过采集氦-3来满足地球对能源的需求。月能公司在月球设有基地，山姆·贝尔（山姆·洛克威尔SamRockwell饰）正是该基地上唯一的工作人员。山姆是公司聘用的合同工，他已在月球孤零零地生活3年，陪伴他的只有智能机器人戈蒂（凯文·斯派西KevinSpacey饰）。枯燥乏味的生活令山姆归心似箭，在还有两周就离开月球的时候，山姆偶然遭遇一起事故。醒来后的他发现戈蒂似乎对其有所隐瞒，公司高层也拒绝他的回程请求。山姆借机逃出基地，却在事故发生地点发现另一个自己……,山姆·洛克威尔 凯文·史派西 多米妮克·麦克艾丽戈特 卡雅·斯考达里奥 本尼迪克特·王 马特·贝里 马尔科姆·斯图尔特 罗宾·查克,邓肯·琼斯,2009,97 分钟
动作 历史 战争,黑鹰坠落 Black Hawk Down,　　1992年，连年的部落战争令东非国家索马里山河破败，民不聊生，由此引发的大饥荒更造成三十万人死亡。掌控首都摩加迪休的独裁者默罕默德•法拉•艾迪德抢走国际组织的救援物资，此举引起世人公愤。丧心病狂的艾迪德向国际维和组织宣战，美国方面派出160名特种部队成员前往摩加迪休以推翻艾迪德政权。,乔什·哈奈特 伊万·麦克格雷格 汤姆·塞兹摩尔 金·寇兹 艾文·布莱纳 艾瑞克·巴纳 休·丹西 威廉·菲德内尔 奥兰多·布鲁姆 汤姆·哈迪 詹森·艾萨克,雷德利·斯科特,2001,144分钟
